alloy,curve,lmp,stress_mpa,source_file,page,method,extracted_on
Centralloy G 4852 Micro,average,31.334395116525805,41.90902571020051,WST_4852_Micro_161109.pdf,6,vector,2026-09-07
Centralloy G 4852 Micro,average,31.33450859083771,41.90798123081961,WST_4852_Micro_161109.pdf,6,vector,2026-09-07
Centralloy G 4852 Micro,average,31.334848488058437,41.90484984687355,WST_4852_Micro_161109.pdf,6,vector,2026-09-07
Centralloy G 4852 Micro,average,31.335414019615488,41.89963487283047,WST_4852_Micro_161109.pdf,6,vector,2026-09-07
Centralloy G 4852 Micro,average,31.336204396936377,41.89233993282001,WST_4852_Micro_161109.pdf,6,vector,2026-09-07
Centralloy G 4852 Micro,average,31.337218831448602,41.882968959025646,WST_4852_Micro_161109.pdf,6,vector,2026-09-07
Centralloy G 4852 Micro,average,31.338456534579684,41.871526190003856,WST_4852_Micro_161109.pdf,6,vector,2026-09-07
Centralloy G 4852 Micro,average,31.33991671775713,41.858016168930085,WST_4852_Micro_161109.pdf,6,vector,2026-09-07
Centralloy G 4852 Micro,average,31.341598592408435,41.84244374177255,WST_4852_Micro_161109.pdf,6,vector,2026-09-07
Centralloy G 4852 Micro,average,31.34350136996112,41.8248140553956,WST_4852_Micro_161109.pdf,6,vector,2026-09-07
Centralloy G 4852 Micro,average,31.34562426184269,41.80513255559185,WST_4852_Micro_161109.pdf,6,vector,2026-09-07
Centralloy G 4852 Micro,average,31.34796647948065,41.78340498504612,WST_4852_Micro_161109.pdf,6,vector,2026-09-07
Centralloy G 4852 Micro,average,31.35052723430252,41.759637381229886,WST_4852_Micro_161109.pdf,6,vector,2026-09-07
Centralloy G 4852 Micro,average,31.353305737735788,41.73383607422897,WST_4852_Micro_161109.pdf,6,vector,2026-09-07
Centralloy G 4852 Micro,average,31.35630120120798,41.70600768450469,WST_4852_Micro_161109.pdf,6,vector,2026-09-07
Centralloy G 4852 Micro,average,31.359512836146596,41.67615912058917,WST_4852_Micro_161109.pdf,6,vector,2026-09-07
Centralloy G 4852 Micro,average,31.362939853979146,41.64429757671682,WST_4852_Micro_161109.pdf,6,vector,2026-09-07
Centralloy G 4852 Micro,average,31.36658146613314,41.610430530391774,WST_4852_Micro_161109.pdf,6,vector,2026-09-07
Centralloy G 4852 Micro,average,31.37043688403608,41.57456573989322,WST_4852_Micro_161109.pdf,6,vector,2026-09-07
Centralloy G 4852 Micro,average,31.374505319115485,41.53671124171952,WST_4852_Micro_161109.pdf,6,vector,2026-09-07
Centralloy G 4852 Micro,average,31.378785982798856,41.49687534797192,WST_4852_Micro_161109.pdf,6,vector,2026-09-07
Centralloy G 4852 Micro,average,31.383278086513698,41.45506664367921,WST_4852_Micro_161109.pdf,6,vector,2026-09-07
Centralloy G 4852 Micro,average,31.38798084168753,41.41129398406441,WST_4852_Micro_161109.pdf,6,vector,2026-09-07
Centralloy G 4852 Micro,average,31.39289345974785,41.365566491754215,WST_4852_Micro_161109.pdf,6,vector,2026-09-07
Centralloy G 4852 Micro,average,31.398015152122174,41.31789355393356,WST_4852_Micro_161109.pdf,6,vector,2026-09-07
Centralloy G 4852 Micro,average,31.403345130238,41.268284819444254,WST_4852_Micro_161109.pdf,6,vector,2026-09-07
Centralloy G 4852 Micro,average,31.408882605522845,41.21675019583173,WST_4852_Micro_161109.pdf,6,vector,2026-09-07
Centralloy G 4852 Micro,average,31.41462678940422,41.16329984633821,WST_4852_Micro_161109.pdf,6,vector,2026-09-07
Centralloy G 4852 Micro,average,31.420576893309622,41.10794418684549,WST_4852_Micro_161109.pdf,6,vector,2026-09-07
Centralloy G 4852 Micro,average,31.426732128666576,41.05069388276796,WST_4852_Micro_161109.pdf,6,vector,2026-09-07
Centralloy G 4852 Micro,average,31.433091706902566,40.99155984589658,WST_4852_Micro_161109.pdf,6,vector,2026-09-07
Centralloy G 4852 Micro,average,31.439654839445122,40.93055323119591,WST_4852_Micro_161109.pdf,6,vector,2026-09-07
Centralloy G 4852 Micro,average,31.446420737721745,40.86768543355464,WST_4852_Micro_161109.pdf,6,vector,2026-09-07
Centralloy G 4852 Micro,average,31.45338861315994,40.80296808449109,WST_4852_Micro_161109.pdf,6,vector,2026-09-07
Centralloy G 4852 Micro,average,31.460557677187218,40.73641304881562,WST_4852_Micro_161109.pdf,6,vector,2026-09-07
Centralloy G 4852 Micro,average,31.467927141231087,40.668032421250004,WST_4852_Micro_161109.pdf,6,vector,2026-09-07
Centralloy G 4852 Micro,average,31.47549621671906,40.597838523006125,WST_4852_Micro_161109.pdf,6,vector,2026-09-07
Centralloy G 4852 Micro,average,31.483264115078637,40.52584389832444,WST_4852_Micro_161109.pdf,6,vector,2026-09-07
Centralloy G 4852 Micro,average,31.49123004773733,40.452061310974074,WST_4852_Micro_161109.pdf,6,vector,2026-09-07
Centralloy G 4852 Micro,average,31.499393226122645,40.37650374071574,WST_4852_Micro_161109.pdf,6,vector,2026-09-07
Centralloy G 4852 Micro,average,31.507752861662095,40.29918437972818,WST_4852_Micro_161109.pdf,6,vector,2026-09-07
Centralloy G 4852 Micro,average,31.516308165783183,40.22011662900069,WST_4852_Micro_161109.pdf,6,vector,2026-09-07
Centralloy G 4852 Micro,average,31.525058349913426,40.13931409469132,WST_4852_Micro_161109.pdf,6,vector,2026-09-07
Centralloy G 4852 Micro,average,31.534002625480323,40.05679058445366,WST_4852_Micro_161109.pdf,6,vector,2026-09-07
Centralloy G 4852 Micro,average,31.543140203911385,39.9725601037327,WST_4852_Micro_161109.pdf,6,vector,2026-09-07
Centralloy G 4852 Micro,average,31.552470296634123,39.88663685203084,WST_4852_Micro_161109.pdf,6,vector,2026-09-07
Centralloy G 4852 Micro,average,31.56199211507604,39.79903521914632,WST_4852_Micro_161109.pdf,6,vector,2026-09-07
Centralloy G 4852 Micro,average,31.57170487066465,39.70976978138429,WST_4852_Micro_161109.pdf,6,vector,2026-09-07
Centralloy G 4852 Micro,average,31.581607774827457,39.618855297742556,WST_4852_Micro_161109.pdf,6,vector,2026-09-07
Centralloy G 4852 Micro,average,31.591700038991974,39.52630670607321,WST_4852_Micro_161109.pdf,6,vector,2026-09-07
Centralloy G 4852 Micro,average,31.601980874585703,39.432139119220935,WST_4852_Micro_161109.pdf,6,vector,2026-09-07
Centralloy G 4852 Micro,average,31.612449493036156,39.33636782114037,WST_4852_Micro_161109.pdf,6,vector,2026-09-07
Centralloy G 4852 Micro,average,31.62310510577084,39.23900826299233,WST_4852_Micro_161109.pdf,6,vector,2026-09-07
Centralloy G 4852 Micro,average,31.633946924217266,39.14007605922193,WST_4852_Micro_161109.pdf,6,vector,2026-09-07
Centralloy G 4852 Micro,average,31.644974159802942,39.03958698361825,WST_4852_Micro_161109.pdf,6,vector,2026-09-07
Centralloy G 4852 Micro,average,31.656186023955367,38.937556965358134,WST_4852_Micro_161109.pdf,6,vector,2026-09-07
Centralloy G 4852 Micro,average,31.66758172810206,38.834002085034776,WST_4852_Micro_161109.pdf,6,vector,2026-09-07
Centralloy G 4852 Micro,average,31.679160483670532,38.72893857067248,WST_4852_Micro_161109.pdf,6,vector,2026-09-07
Centralloy G 4852 Micro,average,31.69092150208828,38.62238279372859,WST_4852_Micro_161109.pdf,6,vector,2026-09-07
Centralloy G 4852 Micro,average,31.70286399478282,38.51435126508527,WST_4852_Micro_161109.pdf,6,vector,2026-09-07
Centralloy G 4852 Micro,average,31.714987173181655,38.40486063102989,WST_4852_Micro_161109.pdf,6,vector,2026-09-07
Centralloy G 4852 Micro,average,31.727290248712297,38.293927669228005,WST_4852_Micro_161109.pdf,6,vector,2026-09-07
Centralloy G 4852 Micro,average,31.739772432802255,38.18156928468831,WST_4852_Micro_161109.pdf,6,vector,2026-09-07
Centralloy G 4852 Micro,average,31.75243293687904,38.0678025057215,WST_4852_Micro_161109.pdf,6,vector,2026-09-07
Centralloy G 4852 Micro,average,31.76527097237015,37.9526444798945,WST_4852_Micro_161109.pdf,6,vector,2026-09-07
Centralloy G 4852 Micro,average,31.7782857507031,37.836112469980954,WST_4852_Micro_161109.pdf,6,vector,2026-09-07
Centralloy G 4852 Micro,average,31.791476483305395,37.71822384990919,WST_4852_Micro_161109.pdf,6,vector,2026-09-07
Centralloy G 4852 Micro,average,31.804842381604544,37.5989961007092,WST_4852_Micro_161109.pdf,6,vector,2026-09-07
Centralloy G 4852 Micro,average,31.818382657028067,37.47844680645968,WST_4852_Micro_161109.pdf,6,vector,2026-09-07
Centralloy G 4852 Micro,average,31.832096521003454,37.356593650236086,WST_4852_Micro_161109.pdf,6,vector,2026-09-07
Centralloy G 4852 Micro,average,31.84598318495822,37.23345441006141,WST_4852_Micro_161109.pdf,6,vector,2026-09-07
Centralloy G 4852 Micro,average,31.86004186031988,37.10904695486072,WST_4852_Micro_161109.pdf,6,vector,2026-09-07
Centralloy G 4852 Micro,average,31.874271758515935,36.98338924042016,WST_4852_Micro_161109.pdf,6,vector,2026-09-07
Centralloy G 4852 Micro,average,31.8886720909739,36.856499305352074,WST_4852_Micro_161109.pdf,6,vector,2026-09-07
Centralloy G 4852 Micro,average,31.903242069121276,36.728395267067505,WST_4852_Micro_161109.pdf,6,vector,2026-09-07
Centralloy G 4852 Micro,average,31.917980904385573,36.599095317756706,WST_4852_Micro_161109.pdf,6,vector,2026-09-07
Centralloy G 4852 Micro,average,31.932887808194295,36.468617720379406,WST_4852_Micro_161109.pdf,6,vector,2026-09-07
Centralloy G 4852 Micro,average,31.94796199197496,36.33698080466525,WST_4852_Micro_161109.pdf,6,vector,2026-09-07
Centralloy G 4852 Micro,average,31.963202667155073,36.20420296312611,WST_4852_Micro_161109.pdf,6,vector,2026-09-07
Centralloy G 4852 Micro,average,31.97860904516214,36.07030264708109,WST_4852_Micro_161109.pdf,6,vector,2026-09-07
Centralloy G 4852 Micro,average,31.99418033742367,35.93529836269544,WST_4852_Micro_161109.pdf,6,vector,2026-09-07
Centralloy G 4852 Micro,average,32.009915755367174,35.79920866703437,WST_4852_Micro_161109.pdf,6,vector,2026-09-07
Centralloy G 4852 Micro,average,32.02581451042015,35.66205216413256,WST_4852_Micro_161109.pdf,6,vector,2026-09-07
Centralloy G 4852 Micro,average,32.041875814010126,35.5238475010809,WST_4852_Micro_161109.pdf,6,vector,2026-09-07
Centralloy G 4852 Micro,average,32.05809887756459,35.38461336413125,WST_4852_Micro_161109.pdf,6,vector,2026-09-07
Centralloy G 4852 Micro,average,32.07448291251106,35.24436847481994,WST_4852_Micro_161109.pdf,6,vector,2026-09-07
Centralloy G 4852 Micro,average,32.09102713027704,35.103131586111694,WST_4852_Micro_161109.pdf,6,vector,2026-09-07
Centralloy G 4852 Micro,average,32.107730742290045,34.96092147856411,WST_4852_Micro_161109.pdf,6,vector,2026-09-07
Centralloy G 4852 Micro,average,32.124592959977576,34.8177569565143,WST_4852_Micro_161109.pdf,6,vector,2026-09-07
Centralloy G 4852 Micro,average,32.14161299476715,34.6736568442884,WST_4852_Micro_161109.pdf,6,vector,2026-09-07
Centralloy G 4852 Micro,average,32.15879005808627,34.52863998243475,WST_4852_Micro_161109.pdf,6,vector,2026-09-07
Centralloy G 4852 Micro,average,32.176123361362436,34.38272522398214,WST_4852_Micro_161109.pdf,6,vector,2026-09-07
Centralloy G 4852 Micro,average,32.19361211602317,34.23593143072329,WST_4852_Micro_161109.pdf,6,vector,2026-09-07
Centralloy G 4852 Micro,average,32.21125553349597,34.08827746952489,WST_4852_Micro_161109.pdf,6,vector,2026-09-07
Centralloy G 4852 Micro,average,32.229052825208356,33.93978220866524,WST_4852_Micro_161109.pdf,6,vector,2026-09-07
Centralloy G 4852 Micro,average,32.24700320258783,33.79046451419973,WST_4852_Micro_161109.pdf,6,vector,2026-09-07
Centralloy G 4852 Micro,average,32.26510587706189,33.64034324635585,WST_4852_Micro_161109.pdf,6,vector,2026-09-07
Centralloy G 4852 Micro,average,32.28336006005806,33.489437255957405,WST_4852_Micro_161109.pdf,6,vector,2026-09-07
Centralloy G 4852 Micro,average,32.30176496300384,33.33776538087996,WST_4852_Micro_161109.pdf,6,vector,2026-09-07
Centralloy G 4852 Micro,average,32.320319797326746,33.18534644253711,WST_4852_Micro_161109.pdf,6,vector,2026-09-07
Centralloy G 4852 Micro,average,32.339023774454276,33.03219924239928,WST_4852_Micro_161109.pdf,6,vector,2026-09-07
Centralloy G 4852 Micro,average,32.357876105813936,32.878342558545555,WST_4852_Micro_161109.pdf,6,vector,2026-09-07
Centralloy G 4852 Micro,average,32.37687600283325,32.72379514224868,WST_4852_Micro_161109.pdf,6,vector,2026-09-07
Centralloy G 4852 Micro,average,32.396022676939715,32.568575714594594,WST_4852_Micro_161109.pdf,6,vector,2026-09-07
Centralloy G 4852 Micro,average,32.41531533956085,32.41270296313691,WST_4852_Micro_161109.pdf,6,vector,2026-09-07
Centralloy G 4852 Micro,average,32.43475320212414,32.256195538587086,WST_4852_Micro_161109.pdf,6,vector,2026-09-07
Centralloy G 4852 Micro,average,32.45433547605711,32.09907205154119,WST_4852_Micro_161109.pdf,6,vector,2026-09-07
Centralloy G 4852 Micro,average,32.474061372787276,31.94135106924283,WST_4852_Micro_161109.pdf,6,vector,2026-09-07
Centralloy G 4852 Micro,average,32.49393010374213,31.783051112384364,WST_4852_Micro_161109.pdf,6,vector,2026-09-07
Centralloy G 4852 Micro,average,32.51394088034919,31.624190651945923,WST_4852_Micro_161109.pdf,6,vector,2026-09-07
Centralloy G 4852 Micro,average,32.53409291403596,31.46478810607306,WST_4852_Micro_161109.pdf,6,vector,2026-09-07
Centralloy G 4852 Micro,average,32.55438541622995,31.30486183699395,WST_4852_Micro_161109.pdf,6,vector,2026-09-07
Centralloy G 4852 Micro,average,32.57481759835866,31.144430147975797,WST_4852_Micro_161109.pdf,6,vector,2026-09-07
Centralloy G 4852 Micro,average,32.59538867184962,30.983511280322396,WST_4852_Micro_161109.pdf,6,vector,2026-09-07
Centralloy G 4852 Micro,average,32.61609784813032,30.822123410411503,WST_4852_Micro_161109.pdf,6,vector,2026-09-07
Centralloy G 4852 Micro,average,32.63694433862827,30.660284646774215,WST_4852_Micro_161109.pdf,6,vector,2026-09-07
Centralloy G 4852 Micro,average,32.657927354770976,30.498013027215762,WST_4852_Micro_161109.pdf,6,vector,2026-09-07
Centralloy G 4852 Micro,average,32.679046107985954,30.33532651597852,WST_4852_Micro_161109.pdf,6,vector,2026-09-07
Centralloy G 4852 Micro,average,32.70029980970072,30.172243000947535,WST_4852_Micro_161109.pdf,6,vector,2026-09-07
Centralloy G 4852 Micro,average,32.72168767134276,30.008780290899086,WST_4852_Micro_161109.pdf,6,vector,2026-09-07
Centralloy G 4852 Micro,average,32.743208904339596,29.844956112792502,WST_4852_Micro_161109.pdf,6,vector,2026-09-07
Centralloy G 4852 Micro,average,32.764862720118735,29.680788109106082,WST_4852_Micro_161109.pdf,6,vector,2026-09-07
Centralloy G 4852 Micro,average,32.78664833010768,29.51629383521658,WST_4852_Micro_161109.pdf,6,vector,2026-09-07
Centralloy G 4852 Micro,average,32.80856494573395,29.351490756823377,WST_4852_Micro_161109.pdf,6,vector,2026-09-07
Centralloy G 4852 Micro,average,32.830611778425045,29.186396247417232,WST_4852_Micro_161109.pdf,6,vector,2026-09-07
Centralloy G 4852 Micro,average,32.85278803960848,29.0210275857943,WST_4852_Micro_161109.pdf,6,vector,2026-09-07
Centralloy G 4852 Micro,average,32.875092940711745,28.855401953615004,WST_4852_Micro_161109.pdf,6,vector,2026-09-07
Centralloy G 4852 Micro,average,32.89752569316237,28.68953643300875,WST_4852_Micro_161109.pdf,6,vector,2026-09-07
Centralloy G 4852 Micro,average,32.92008550838786,28.523448004224274,WST_4852_Micro_161109.pdf,6,vector,2026-09-07
Centralloy G 4852 Micro,average,32.942771597815714,28.357153543326035,WST_4852_Micro_161109.pdf,6,vector,2026-09-07
Centralloy G 4852 Micro,average,32.96558317287344,28.190669819936602,WST_4852_Micro_161109.pdf,6,vector,2026-09-07
Centralloy G 4852 Micro,average,32.988519444988555,28.024013495025677,WST_4852_Micro_161109.pdf,6,vector,2026-09-07
Centralloy G 4852 Micro,average,33.01157962558856,27.857201118745383,WST_4852_Micro_161109.pdf,6,vector,2026-09-07
Centralloy G 4852 Micro,average,33.034762926100974,27.690249128312455,WST_4852_Micro_161109.pdf,6,vector,2026-09-07
Centralloy G 4852 Micro,average,33.05806855795329,27.52317384593698,WST_4852_Micro_161109.pdf,6,vector,2026-09-07
Centralloy G 4852 Micro,average,33.081495732573025,27.355991476798195,WST_4852_Micro_161109.pdf,6,vector,2026-09-07
Centralloy G 4852 Micro,average,33.10504366138769,27.18871810706744,WST_4852_Micro_161109.pdf,6,vector,2026-09-07
Centralloy G 4852 Micro,average,33.128711555824786,27.0213697019778,WST_4852_Micro_161109.pdf,6,vector,2026-09-07
Centralloy G 4852 Micro,average,33.15249862731183,26.853962103941253,WST_4852_Micro_161109.pdf,6,vector,2026-09-07
Centralloy G 4852 Micro,average,33.17640408727632,26.68651103071291,WST_4852_Micro_161109.pdf,6,vector,2026-09-07
Centralloy G 4852 Micro,average,33.20042714714577,26.519032073602432,WST_4852_Micro_161109.pdf,6,vector,2026-09-07
Centralloy G 4852 Micro,average,33.224567018347685,26.351540695732638,WST_4852_Micro_161109.pdf,6,vector,2026-09-07
Centralloy G 4852 Micro,average,33.24882291230958,26.184052230345603,WST_4852_Micro_161109.pdf,6,vector,2026-09-07
Centralloy G 4852 Micro,average,33.273194040458954,26.016581879155627,WST_4852_Micro_161109.pdf,6,vector,2026-09-07
Centralloy G 4852 Micro,average,33.29767961422332,25.84914471074959,WST_4852_Micro_161109.pdf,6,vector,2026-09-07
Centralloy G 4852 Micro,average,33.32227884503019,25.68175565903454,WST_4852_Micro_161109.pdf,6,vector,2026-09-07
Centralloy G 4852 Micro,average,33.34699094430707,25.514429521732023,WST_4852_Micro_161109.pdf,6,vector,2026-09-07
Centralloy G 4852 Micro,average,33.37181512348147,25.347180958919722,WST_4852_Micro_161109.pdf,6,vector,2026-09-07
Centralloy G 4852 Micro,average,33.39675059398089,25.18002449161986,WST_4852_Micro_161109.pdf,6,vector,2026-09-07
Centralloy G 4852 Micro,average,33.421796567232846,25.012974500434385,WST_4852_Micro_161109.pdf,6,vector,2026-09-07
Centralloy G 4852 Micro,average,33.44695225466484,24.8460452242268,WST_4852_Micro_161109.pdf,6,vector,2026-09-07
Centralloy G 4852 Micro,average,33.47221686770438,24.679250758850678,WST_4852_Micro_161109.pdf,6,vector,2026-09-07
Centralloy G 4852 Micro,average,33.49758961777899,24.512605055924297,WST_4852_Micro_161109.pdf,6,vector,2026-09-07
Centralloy G 4852 Micro,average,33.523069716316165,24.346121921651676,WST_4852_Micro_161109.pdf,6,vector,2026-09-07
Centralloy G 4852 Micro,average,33.54865637474341,24.17981501568968,WST_4852_Micro_161109.pdf,6,vector,2026-09-07
Centralloy G 4852 Micro,average,33.57434880448824,24.01369785006076,WST_4852_Micro_161109.pdf,6,vector,2026-09-07
Centralloy G 4852 Micro,average,33.60014621697816,23.847783788111602,WST_4852_Micro_161109.pdf,6,vector,2026-09-07
Centralloy G 4852 Micro,average,33.62604782364068,23.682086043516843,WST_4852_Micro_161109.pdf,6,vector,2026-09-07
Centralloy G 4852 Micro,average,33.65205283590331,23.516617679328487,WST_4852_Micro_161109.pdf,6,vector,2026-09-07
Centralloy G 4852 Micro,average,33.67816046519356,23.35139160706978,WST_4852_Micro_161109.pdf,6,vector,2026-09-07
Centralloy G 4852 Micro,average,33.70436992293892,23.186420585874018,WST_4852_Micro_161109.pdf,6,vector,2026-09-07
Centralloy G 4852 Micro,average,33.73068042056693,23.021717221667817,WST_4852_Micro_161109.pdf,6,vector,2026-09-07
Centralloy G 4852 Micro,average,33.757091169505074,22.857293966398494,WST_4852_Micro_161109.pdf,6,vector,2026-09-07
Centralloy G 4852 Micro,average,33.783601381180866,22.69316311730528,WST_4852_Micro_161109.pdf,6,vector,2026-09-07
Centralloy G 4852 Micro,average,33.810210267021816,22.529336816234153,WST_4852_Micro_161109.pdf,6,vector,2026-09-07
Centralloy G 4852 Micro,average,33.83691703845543,22.365827048995953,WST_4852_Micro_161109.pdf,6,vector,2026-09-07
Centralloy G 4852 Micro,average,33.86372090690922,22.20264564476731,WST_4852_Micro_161109.pdf,6,vector,2026-09-07
Centralloy G 4852 Micro,average,33.89062108381069,22.03980427553441,WST_4852_Micro_161109.pdf,6,vector,2026-09-07
Centralloy G 4852 Micro,average,33.91761678058736,21.87731445557888,WST_4852_Micro_161109.pdf,6,vector,2026-09-07
Centralloy G 4852 Micro,average,33.94470720866672,21.715187541005584,WST_4852_Micro_161109.pdf,6,vector,2026-09-07
Centralloy G 4852 Micro,average,33.97189157947629,21.553434729312055,WST_4852_Micro_161109.pdf,6,vector,2026-09-07
Centralloy G 4852 Micro,average,33.999169104443574,21.392067058999103,WST_4852_Micro_161109.pdf,6,vector,2026-09-07
Centralloy G 4852 Micro,average,34.02653899499609,21.23109540922226,WST_4852_Micro_161109.pdf,6,vector,2026-09-07
Centralloy G 4852 Micro,average,34.054000462561326,21.07053049948361,WST_4852_Micro_161109.pdf,6,vector,2026-09-07
Centralloy G 4852 Micro,average,34.081552718566805,20.910382889363667,WST_4852_Micro_161109.pdf,6,vector,2026-09-07
Centralloy G 4852 Micro,average,34.10919497444004,20.750662978293004,WST_4852_Micro_161109.pdf,6,vector,2026-09-07
Centralloy G 4852 Micro,average,34.13692644160852,20.591381005362894,WST_4852_Micro_161109.pdf,6,vector,2026-09-07
Centralloy G 4852 Micro,average,34.16474633149977,20.432547049174932,WST_4852_Micro_161109.pdf,6,vector,2026-09-07
Centralloy G 4852 Micro,average,34.1926538555413,20.274171027729103,WST_4852_Micro_161109.pdf,6,vector,2026-09-07
Centralloy G 4852 Micro,average,34.2206482251606,20.11626269834952,WST_4852_Micro_161109.pdf,6,vector,2026-09-07
Centralloy G 4852 Micro,average,34.2487286517852,19.958831657647988,WST_4852_Micro_161109.pdf,6,vector,2026-09-07
Centralloy G 4852 Micro,average,34.276894346842596,19.801887341524388,WST_4852_Micro_161109.pdf,6,vector,2026-09-07
Centralloy G 4852 Micro,average,34.3051445217603,19.645439025203867,WST_4852_Micro_161109.pdf,6,vector,2026-09-07
Centralloy G 4852 Micro,average,34.33347838796581,19.48949582331015,WST_4852_Micro_161109.pdf,6,vector,2026-09-07
Centralloy G 4852 Micro,average,34.361895156886646,19.334066689974314,WST_4852_Micro_161109.pdf,6,vector,2026-09-07
Centralloy G 4852 Micro,average,34.390394039950316,19.179160418979233,WST_4852_Micro_161109.pdf,6,vector,2026-09-07
Centralloy G 4852 Micro,average,34.41897424858433,19.024785643938326,WST_4852_Micro_161109.pdf,6,vector,2026-09-07
Centralloy G 4852 Micro,average,34.44763499421618,18.870950838508822,WST_4852_Micro_161109.pdf,6,vector,2026-09-07
Centralloy G 4852 Micro,average,34.4763754882734,18.717664316638814,WST_4852_Micro_161109.pdf,6,vector,2026-09-07
Centralloy G 4852 Micro,average,34.50519494218347,18.56493423284745,WST_4852_Micro_161109.pdf,6,vector,2026-09-07
Centralloy G 4852 Micro,average,34.534092567373925,18.412768582538092,WST_4852_Micro_161109.pdf,6,vector,2026-09-07
Centralloy G 4852 Micro,average,34.56306757527225,18.26117520234373,WST_4852_Micro_161109.pdf,6,vector,2026-09-07
Centralloy G 4852 Micro,average,34.592119177305975,18.110161770504195,WST_4852_Micro_161109.pdf,6,vector,2026-09-07
Centralloy G 4852 Micro,average,34.621246584902586,17.959735807274562,WST_4852_Micro_161109.pdf,6,vector,2026-09-07
Centralloy G 4852 Micro,average,34.65044900948961,17.80990467536458,WST_4852_Micro_161109.pdf,6,vector,2026-09-07
Centralloy G 4852 Micro,average,34.67972566249455,17.660675580408135,WST_4852_Micro_161109.pdf,6,vector,2026-09-07
Centralloy G 4852 Micro,average,34.709075755344905,17.512055571462746,WST_4852_Micro_161109.pdf,6,vector,2026-09-07
Centralloy G 4852 Micro,average,34.73849849946819,17.364051541537936,WST_4852_Micro_161109.pdf,6,vector,2026-09-07
Centralloy G 4852 Micro,average,34.767993106291925,17.21667022815275,WST_4852_Micro_161109.pdf,6,vector,2026-09-07
Centralloy G 4852 Micro,average,34.797558787243595,17.069918213921163,WST_4852_Micro_161109.pdf,6,vector,2026-09-07
Centralloy G 4852 Micro,average,34.827194753750724,16.923801927165382,WST_4852_Micro_161109.pdf,6,vector,2026-09-07
Centralloy G 4852 Micro,average,34.85690021724082,16.778327642556118,WST_4852_Micro_161109.pdf,6,vector,2026-09-07
Centralloy G 4852 Micro,average,34.88667438914138,16.633501481779597,WST_4852_Micro_161109.pdf,6,vector,2026-09-07
Centralloy G 4852 Micro,average,34.91651648087993,16.489329414230728,WST_4852_Micro_161109.pdf,6,vector,2026-09-07
Centralloy G 4852 Micro,average,34.94642570388396,16.34581725773175,WST_4852_Micro_161109.pdf,6,vector,2026-09-07
Centralloy G 4852 Micro,average,34.97640126958099,16.20297067927591,WST_4852_Micro_161109.pdf,6,vector,2026-09-07
Centralloy G 4852 Micro,average,35.00644238939852,16.060795195795766,WST_4852_Micro_161109.pdf,6,vector,2026-09-07
Centralloy G 4852 Micro,average,35.03654827476407,15.919296174955338,WST_4852_Micro_161109.pdf,6,vector,2026-09-07
Centralloy G 4852 Micro,average,35.06671813710514,15.778478835965775,WST_4852_Micro_161109.pdf,6,vector,2026-09-07
Centralloy G 4852 Micro,average,35.096951187849236,15.63834825042397,WST_4852_Micro_161109.pdf,6,vector,2026-09-07
Centralloy G 4852 Micro,average,35.12724663842387,15.498909343173535,WST_4852_Micro_161109.pdf,6,vector,2026-09-07
Centralloy G 4852 Micro,average,35.15760370025656,15.360166893187525,WST_4852_Micro_161109.pdf,6,vector,2026-09-07
Centralloy G 4852 Micro,average,35.18802158477479,15.222125534472733,WST_4852_Micro_161109.pdf,6,vector,2026-09-07
Centralloy G 4852 Micro,average,35.21849950340609,15.084789756994487,WST_4852_Micro_161109.pdf,6,vector,2026-09-07
Centralloy G 4852 Micro,average,35.24903666757796,14.948163907621963,WST_4852_Micro_161109.pdf,6,vector,2026-09-07
Centralloy G 4852 Micro,average,35.279632288717906,14.812252191093052,WST_4852_Micro_161109.pdf,6,vector,2026-09-07
Centralloy G 4852 Micro,average,35.31028557825345,14.677058670998544,WST_4852_Micro_161109.pdf,6,vector,2026-09-07
Centralloy G 4852 Micro,average,35.34099574761208,14.542587270784958,WST_4852_Micro_161109.pdf,6,vector,2026-09-07
Centralloy G 4852 Micro,average,35.37176200822132,14.408841774775548,WST_4852_Micro_161109.pdf,6,vector,2026-09-07
Centralloy G 4852 Micro,average,35.402583571508664,14.275825829208904,WST_4852_Micro_161109.pdf,6,vector,2026-09-07
Centralloy G 4852 Micro,average,35.43345964890163,14.143542943294708,WST_4852_Micro_161109.pdf,6,vector,2026-09-07
Centralloy G 4852 Micro,average,35.46438945182773,14.01199649028616,WST_4852_Micro_161109.pdf,6,vector,2026-09-07
Centralloy G 4852 Micro,average,35.495372191714466,13.881189708568277,WST_4852_Micro_161109.pdf,6,vector,2026-09-07
Centralloy G 4852 Micro,average,35.52640707998935,13.75112570276201,WST_4852_Micro_161109.pdf,6,vector,2026-09-07
Centralloy G 4852 Micro,average,35.55749332807988,13.621807444843267,WST_4852_Micro_161109.pdf,6,vector,2026-09-07
Centralloy G 4852 Micro,average,35.588630147413575,13.493237775276498,WST_4852_Micro_161109.pdf,6,vector,2026-09-07
Centralloy G 4852 Micro,average,35.61981674941794,13.365419404162402,WST_4852_Micro_161109.pdf,6,vector,2026-09-07
Centralloy G 4852 Micro,average,35.65105234552048,13.238354912399114,WST_4852_Micro_161109.pdf,6,vector,2026-09-07
Centralloy G 4852 Micro,average,35.68233614714872,13.11204675285641,WST_4852_Micro_161109.pdf,6,vector,2026-09-07
Centralloy G 4852 Micro,average,35.713667365730146,12.986497251562557,WST_4852_Micro_161109.pdf,6,vector,2026-09-07
Centralloy G 4852 Micro,average,35.745045212692276,12.861708608903134,WST_4852_Micro_161109.pdf,6,vector,2026-09-07
Centralloy G 4852 Micro,average,35.776468899462614,12.737682900831382,WST_4852_Micro_161109.pdf,6,vector,2026-09-07
Centralloy G 4852 Micro,average,35.80793763746867,12.614422080089797,WST_4852_Micro_161109.pdf,6,vector,2026-09-07
Centralloy G 4852 Micro,average,35.83945063813796,12.491927977442142,WST_4852_Micro_161109.pdf,6,vector,2026-09-07
Centralloy G 4852 Micro,average,35.871007112897985,12.370202302915668,WST_4852_Micro_161109.pdf,6,vector,2026-09-07
Centralloy G 4852 Micro,average,35.902606273176254,12.24924664705297,WST_4852_Micro_161109.pdf,6,vector,2026-09-07
Centralloy G 4852 Micro,average,35.934247330400275,12.12906248217299,WST_4852_Micro_161109.pdf,6,vector,2026-09-07
Centralloy G 4852 Micro,average,35.96592949599756,12.00965116364075,WST_4852_Micro_161109.pdf,6,vector,2026-09-07
Centralloy G 4852 Micro,average,35.99765198139561,11.89101393114536,WST_4852_Micro_161109.pdf,6,vector,2026-09-07
Centralloy G 4852 Micro,average,36.02941399802194,11.773151909985744,WST_4852_Micro_161109.pdf,6,vector,2026-09-07
Centralloy G 4852 Micro,average,36.04487289878607,11.716116977871524,WST_4852_Micro_161109.pdf,6,vector,2026-09-07
Centralloy G 4852 Micro,average,36.06030615524248,11.659388684461424,WST_4852_Micro_161109.pdf,6,vector,2026-09-07
Centralloy G 4852 Micro,average,36.075713898254435,11.60296479949309,WST_4852_Micro_161109.pdf,6,vector,2026-09-07
Centralloy G 4852 Micro,average,36.091096258685205,11.546843112417422,WST_4852_Micro_161109.pdf,6,vector,2026-09-07
Centralloy G 4852 Micro,average,36.106453367398075,11.491021432210097,WST_4852_Micro_161109.pdf,6,vector,2026-09-07
Centralloy G 4852 Micro,average,36.12178535525631,11.435497587185194,WST_4852_Micro_161109.pdf,6,vector,2026-09-07
Centralloy G 4852 Micro,average,36.13709235312318,11.380269424810745,WST_4852_Micro_161109.pdf,6,vector,2026-09-07
Centralloy G 4852 Micro,average,36.152374491861956,11.325334811526306,WST_4852_Micro_161109.pdf,6,vector,2026-09-07
Centralloy G 4852 Micro,average,36.16763190233593,11.2706916325625,WST_4852_Micro_161109.pdf,6,vector,2026-09-07
Centralloy G 4852 Micro,average,36.18286471540834,11.21633779176229,WST_4852_Micro_161109.pdf,6,vector,2026-09-07
Centralloy G 4852 Micro,average,36.19807306194249,11.162271211404398,WST_4852_Micro_161109.pdf,6,vector,2026-09-07
Centralloy G 4852 Micro,average,36.21325707280163,11.108489832028509,WST_4852_Micro_161109.pdf,6,vector,2026-09-07
Centralloy G 4852 Micro,average,36.22841687884905,11.054991612262082,WST_4852_Micro_161109.pdf,6,vector,2026-09-07
Centralloy G 4852 Micro,average,36.243552610948015,11.001774528649522,WST_4852_Micro_161109.pdf,6,vector,2026-09-07
Centralloy G 4852 Micro,average,36.258664399961795,10.948836575482488,WST_4852_Micro_161109.pdf,6,vector,2026-09-07
Centralloy G 4852 Micro,average,36.27375237675366,10.896175764632682,WST_4852_Micro_161109.pdf,6,vector,2026-09-07
Centralloy G 4852 Micro,average,36.2888166721869,10.843790125385825,WST_4852_Micro_161109.pdf,6,vector,2026-09-07
Centralloy G 4852 Micro,average,36.30385741712477,10.791677704277628,WST_4852_Micro_161109.pdf,6,vector,2026-09-07
Centralloy G 4852 Micro,average,36.318874742430545,10.739836564931613,WST_4852_Micro_161109.pdf,6,vector,2026-09-07
Centralloy G 4852 Micro,average,36.3338687789675,10.688264787898373,WST_4852_Micro_161109.pdf,6,vector,2026-09-07
Centralloy G 4852 Micro,average,36.34883965759891,10.63696047049662,WST_4852_Micro_161109.pdf,6,vector,2026-09-07
Centralloy G 4852 Micro,average,36.36378750918804,10.585921726656053,WST_4852_Micro_161109.pdf,6,vector,2026-09-07
Centralloy G 4852 Micro,average,36.37871246459817,10.53514668676154,WST_4852_Micro_161109.pdf,6,vector,2026-09-07
Centralloy G 4852 Micro,average,36.39361465469257,10.484633497499278,WST_4852_Micro_161109.pdf,6,vector,2026-09-07
Centralloy G 4852 Micro,average,36.40849421033451,10.434380321704309,WST_4852_Micro_161109.pdf,6,vector,2026-09-07
Centralloy G 4852 Micro,average,36.42335126238727,10.384385338209688,WST_4852_Micro_161109.pdf,6,vector,2026-09-07
Centralloy G 4852 Micro,average,36.43818594171412,10.334646741697409,WST_4852_Micro_161109.pdf,6,vector,2026-09-07
Centralloy G 4852 Micro,average,36.45299837917832,10.28516274255043,WST_4852_Micro_161109.pdf,6,vector,2026-09-07
Centralloy G 4852 Micro,average,36.46778870564316,10.235931566706792,WST_4852_Micro_161109.pdf,6,vector,2026-09-07
Centralloy G 4852 Micro,average,36.482557051971895,10.18695145551478,WST_4852_Micro_161109.pdf,6,vector,2026-09-07
Centralloy G 4852 Micro,average,36.49730354902781,10.138220665589902,WST_4852_Micro_161109.pdf,6,vector,2026-09-07
Centralloy G 4852 Micro,average,36.51202832767418,10.089737468673173,WST_4852_Micro_161109.pdf,6,vector,2026-09-07
Centralloy G 4852 Micro,average,36.52673151877427,10.041500151490842,WST_4852_Micro_161109.pdf,6,vector,2026-09-07
Centralloy G 4852 Micro,average,36.54141325319135,9.99350701561581,WST_4852_Micro_161109.pdf,6,vector,2026-09-07
Centralloy G 4852 Micro,average,36.5560736617887,9.945756377330058,WST_4852_Micro_161109.pdf,6,vector,2026-09-07
Centralloy G 4852 Micro,average,36.57071287542959,9.898246567488954,WST_4852_Micro_161109.pdf,6,vector,2026-09-07
Centralloy G 4852 Micro,average,36.5853310249773,9.850975931386573,WST_4852_Micro_161109.pdf,6,vector,2026-09-07
Centralloy G 4852 Micro,average,36.59992824129508,9.803942828622608,WST_4852_Micro_161109.pdf,6,vector,2026-09-07
Centralloy G 4852 Micro,average,36.61450465524623,9.75714563297064,WST_4852_Micro_161109.pdf,6,vector,2026-09-07
Centralloy G 4852 Micro,average,36.629060397694,9.710582732247584,WST_4852_Micro_161109.pdf,6,vector,2026-09-07
Centralloy G 4852 Micro,average,36.64359559950167,9.664252528184713,WST_4852_Micro_161109.pdf,6,vector,2026-09-07
Centralloy G 4852 Micro,average,36.658110391532524,9.618153436299785,WST_4852_Micro_161109.pdf,6,vector,2026-09-07
Centralloy G 4852 Micro,average,36.672604904649816,9.572283885770583,WST_4852_Micro_161109.pdf,6,vector,2026-09-07
Centralloy G 4852 Micro,average,36.68707926971683,9.526642319309763,WST_4852_Micro_161109.pdf,6,vector,2026-09-07
Centralloy G 4852 Micro,average,36.70153361759684,9.481227193040848,WST_4852_Micro_161109.pdf,6,vector,2026-09-07
Centralloy G 4852 Micro,average,36.71596807915311,9.43603697637564,WST_4852_Micro_161109.pdf,6,vector,2026-09-07
Centralloy G 4852 Micro,average,36.73038278524892,9.391070151892764,WST_4852_Micro_161109.pdf,6,vector,2026-09-07
Centralloy G 4852 Micro,average,36.74477786674753,9.346325215217409,WST_4852_Micro_161109.pdf,6,vector,2026-09-07
Centralloy G 4852 Micro,average,36.75915345451224,9.301800674902488,WST_4852_Micro_161109.pdf,6,vector,2026-09-07
Centralloy G 4852 Micro,average,36.77350967940629,9.257495052310704,WST_4852_Micro_161109.pdf,6,vector,2026-09-07
Centralloy G 4852 Micro,average,36.787846672292964,9.213406881498061,WST_4852_Micro_161109.pdf,6,vector,2026-09-07
Centralloy G 4852 Micro,average,36.80216456403554,9.169534709098393,WST_4852_Micro_161109.pdf,6,vector,2026-09-07
Centralloy G 4852 Micro,average,36.816463485497295,9.125877094209105,WST_4852_Micro_161109.pdf,6,vector,2026-09-07
Centralloy G 4852 Micro,average,36.83074356754149,9.08243260827807,WST_4852_Micro_161109.pdf,6,vector,2026-09-07
Centralloy G 4852 Micro,average,36.8450049410314,9.039199834991635,WST_4852_Micro_161109.pdf,6,vector,2026-09-07
Centralloy G 4852 Micro,average,36.8592477368303,8.99617737016377,WST_4852_Micro_161109.pdf,6,vector,2026-09-07
Centralloy G 4852 Micro,average,36.87347208580146,8.953363821626322,WST_4852_Micro_161109.pdf,6,vector,2026-09-07
Centralloy G 4852 Micro,average,36.887678118808154,8.910757809120264,WST_4852_Micro_161109.pdf,6,vector,2026-09-07
Centralloy G 4852 Micro,average,36.90186596671365,8.86835796418831,WST_4852_Micro_161109.pdf,6,vector,2026-09-07
Centralloy G 4852 Micro,average,36.916035760381234,8.826162930068136,WST_4852_Micro_161109.pdf,6,vector,2026-09-07
Centralloy G 4852 Micro,average,36.93018763067416,8.784171361587221,WST_4852_Micro_161109.pdf,6,vector,2026-09-07
Centralloy G 4852 Micro,average,36.94432170845572,8.742381925058227,WST_4852_Micro_161109.pdf,6,vector,2026-09-07
Centralloy G 4852 Micro,average,36.958438124589165,8.700793298175707,WST_4852_Micro_161109.pdf,6,vector,2026-09-07
Centralloy G 4852 Micro,average,36.97253700993779,8.659404169913767,WST_4852_Micro_161109.pdf,6,vector,2026-09-07
Centralloy G 4852 Micro,average,36.98661849536485,8.618213240424678,WST_4852_Micro_161109.pdf,6,vector,2026-09-07
Centralloy G 4852 Micro,average,37.000682711733624,8.577219220938607,WST_4852_Micro_161109.pdf,6,vector,2026-09-07
Centralloy G 4852 Micro,average,37.014729789907385,8.536420833664232,WST_4852_Micro_161109.pdf,6,vector,2026-09-07
Centralloy G 4852 Micro,average,37.0287598607494,8.495816811690332,WST_4852_Micro_161109.pdf,6,vector,2026-09-07
Centralloy G 4852 Micro,average,37.04277305512296,8.45540589888843,WST_4852_Micro_161109.pdf,6,vector,2026-09-07
Centralloy G 4852 Micro,average,37.05676950389131,8.415186849816275,WST_4852_Micro_161109.pdf,6,vector,2026-09-07
Centralloy G 4852 Micro,average,37.07074933791774,8.375158429622456,WST_4852_Micro_161109.pdf,6,vector,2026-09-07
Centralloy G 4852 Micro,average,37.08471268806552,8.335319413951664,WST_4852_Micro_161109.pdf,6,vector,2026-09-07
Centralloy G 4852 Micro,average,37.09865968519792,8.29566858885115,WST_4852_Micro_161109.pdf,6,vector,2026-09-07
Centralloy G 4852 Micro,average,37.11259046017822,8.256204750677934,WST_4852_Micro_161109.pdf,6,vector,2026-09-07
Centralloy G 4852 Micro,average,37.12650514386967,8.216926706006952,WST_4852_Micro_161109.pdf,6,vector,2026-09-07
Centralloy G 4852 Micro,average,37.14040386713557,8.177833271540164,WST_4852_Micro_161109.pdf,6,vector,2026-09-07
Centralloy G 4852 Micro,average,37.15428676083918,8.138923274016427,WST_4852_Micro_161109.pdf,6,vector,2026-09-07
Centralloy G 4852 Micro,average,37.16815395584377,8.10019555012234,WST_4852_Micro_161109.pdf,6,vector,2026-09-07
Centralloy G 4852 Micro,average,37.182005583012625,8.061648946403858,WST_4852_Micro_161109.pdf,6,vector,2026-09-07
Centralloy G 4852 Micro,average,37.195841773209,8.023282319178836,WST_4852_Micro_161109.pdf,6,vector,2026-09-07
Centralloy G 4852 Micro,average,37.20966265729617,7.98509453445045,WST_4852_Micro_161109.pdf,6,vector,2026-09-07
Centralloy G 4852 Micro,average,37.223468366137425,7.947084467821293,WST_4852_Micro_161109.pdf,6,vector,2026-09-07
Centralloy G 4852 Micro,average,37.23725903059602,7.90925100440843,WST_4852_Micro_161109.pdf,6,vector,2026-09-07
Centralloy G 4852 Micro,average,37.25103478153524,7.871593038759235,WST_4852_Micro_161109.pdf,6,vector,2026-09-07
Centralloy G 4852 Micro,average,37.26479574981834,7.834109474768039,WST_4852_Micro_161109.pdf,6,vector,2026-09-07
Centralloy G 4852 Micro,average,37.27854206630861,7.796799225593535,WST_4852_Micro_161109.pdf,6,vector,2026-09-07
Centralloy G 4852 Micro,average,37.29227386186932,7.759661213577042,WST_4852_Micro_161109.pdf,6,vector,2026-09-07
Centralloy G 4852 Micro,average,37.30599126736373,7.722694370161473,WST_4852_Micro_161109.pdf,6,vector,2026-09-07
Centralloy G 4852 Micro,average,37.31969441365512,7.685897635811093,WST_4852_Micro_161109.pdf,6,vector,2026-09-07
Centralloy G 4852 Micro,average,37.33338343160677,7.649269959932046,WST_4852_Micro_161109.pdf,6,vector,2026-09-07
Centralloy G 4852 Micro,average,37.34705845208194,7.612810300793717,WST_4852_Micro_161109.pdf,6,vector,2026-09-07
Centralloy G 4852 Micro,average,37.360719605943906,7.576517625450685,WST_4852_Micro_161109.pdf,6,vector,2026-09-07
Centralloy G 4852 Micro,average,37.37436702405595,7.540390909665514,WST_4852_Micro_161109.pdf,6,vector,2026-09-07
Centralloy G 4852 Micro,average,37.38800083728133,7.504429137832229,WST_4852_Micro_161109.pdf,6,vector,2026-09-07
Centralloy G 4852 Micro,average,37.40162117648333,7.468631302900542,WST_4852_Micro_161109.pdf,6,vector,2026-09-07
Centralloy G 4852 Micro,average,37.41522817252522,7.432996406300819,WST_4852_Micro_161109.pdf,6,vector,2026-09-07
Centralloy G 4852 Micro,average,37.42882195627026,7.397523457869611,WST_4852_Micro_161109.pdf,6,vector,2026-09-07
Centralloy G 4852 Micro,average,37.44240265858174,7.362211475776116,WST_4852_Micro_161109.pdf,6,vector,2026-09-07
Centralloy G 4852 Micro,average,37.455970410322934,7.327059486449032,WST_4852_Micro_161109.pdf,6,vector,2026-09-07
Centralloy G 4852 Micro,average,37.469525342357095,7.292066524504392,WST_4852_Micro_161109.pdf,6,vector,2026-09-07
Centralloy G 4852 Micro,average,37.48306758554751,7.257231632673888,WST_4852_Micro_161109.pdf,6,vector,2026-09-07
Centralloy G 4852 Micro,average,37.49659727075744,7.222553861733861,WST_4852_Micro_161109.pdf,6,vector,2026-09-07
Centralloy G 4852 Micro,average,37.510114528850174,7.188032270435085,WST_4852_Micro_161109.pdf,6,vector,2026-09-07
Centralloy G 4852 Micro,average,37.52361949068898,7.153665925432997,WST_4852_Micro_161109.pdf,6,vector,2026-09-07
Centralloy G 4852 Micro,average,37.53711228713711,7.1194539012187885,WST_4852_Micro_161109.pdf,6,vector,2026-09-07
Centralloy G 4852 Micro,average,37.550593049057866,7.085395280051001,WST_4852_Micro_161109.pdf,6,vector,2026-09-07
Centralloy G 4852 Micro,average,37.5640619073145,7.051489151887738,WST_4852_Micro_161109.pdf,6,vector,2026-09-07
Centralloy G 4852 Micro,average,37.5775189927703,7.017734614319627,WST_4852_Micro_161109.pdf,6,vector,2026-09-07
Centralloy G 4852 Micro,average,37.59096443628852,6.984130772503233,WST_4852_Micro_161109.pdf,6,vector,2026-09-07
Centralloy G 4852 Micro,average,37.604398368732454,6.950676739095207,WST_4852_Micro_161109.pdf,6,vector,2026-09-07
Centralloy G 4852 Micro,average,37.61782092096536,6.917371634187012,WST_4852_Micro_161109.pdf,6,vector,2026-09-07
Centralloy G 4852 Micro,average,37.6312322238505,6.884214585240172,WST_4852_Micro_161109.pdf,6,vector,2026-09-07
Centralloy G 4852 Micro,average,37.64463240825118,6.851204727022221,WST_4852_Micro_161109.pdf,6,vector,2026-09-07
Centralloy G 4852 Micro,average,37.65802160503064,6.818341201543146,WST_4852_Micro_161109.pdf,6,vector,2026-09-07
Centralloy G 4852 Micro,average,37.671399945052165,6.785623157992431,WST_4852_Micro_161109.pdf,6,vector,2026-09-07
Centralloy G 4852 Micro,average,37.684767559179036,6.7530497526767554,WST_4852_Micro_161109.pdf,6,vector,2026-09-07
Centralloy G 4852 Micro,average,37.69812457827451,6.720620148958088,WST_4852_Micro_161109.pdf,6,vector,2026-09-07
Centralloy G 4852 Micro,average,37.71147113320187,6.688333517192485,WST_4852_Micro_161109.pdf,6,vector,2026-09-07
Centralloy G 4852 Micro,average,37.72480735482438,6.656189034669385,WST_4852_Micro_161109.pdf,6,vector,2026-09-07
Centralloy G 4852 Micro,average,37.738133374005315,6.624185885551421,WST_4852_Micro_161109.pdf,6,vector,2026-09-07
Centralloy G 4852 Micro,average,37.75144932160796,6.592323260814887,WST_4852_Micro_161109.pdf,6,vector,2026-09-07
Centralloy G 4852 Micro,average,37.76475532849557,6.560600358190546,WST_4852_Micro_161109.pdf,6,vector,2026-09-07
Centralloy G 4852 Micro,average,37.778051525531424,6.5290163821051665,WST_4852_Micro_161109.pdf,6,vector,2026-09-07
Centralloy G 4852 Micro,average,37.791338043578804,6.497570543623458,WST_4852_Micro_161109.pdf,6,vector,2026-09-07
Centralloy G 4852 Micro,average,37.804615013500964,6.466262060390546,WST_4852_Micro_161109.pdf,6,vector,2026-09-07
Centralloy G 4852 Micro,average,37.81788256616119,6.435090156574996,WST_4852_Micro_161109.pdf,6,vector,2026-09-07
Centralloy G 4852 Micro,average,37.831140832422754,6.4040540628123,WST_4852_Micro_161109.pdf,6,vector,2026-09-07
Centralloy G 4852 Micro,average,37.84438994314892,6.373153016148893,WST_4852_Micro_161109.pdf,6,vector,2026-09-07
Centralloy G 4852 Micro,average,37.857630029202966,6.342386259986646,WST_4852_Micro_161109.pdf,6,vector,2026-09-07
Centralloy G 4852 Micro,average,37.870861221448166,6.311753044027855,WST_4852_Micro_161109.pdf,6,vector,2026-09-07
Centralloy G 4852 Micro,average,37.88408365074779,6.281252624220709,WST_4852_Micro_161109.pdf,6,vector,2026-09-07
Centralloy G 4852 Micro,average,37.89729744796511,6.250884262705251,WST_4852_Micro_161109.pdf,6,vector,2026-09-07
Centralloy G 4852 Micro,average,37.9105027439634,6.2206472277598275,WST_4852_Micro_161109.pdf,6,vector,2026-09-07
Centralloy G 4852 Micro,average,37.92369966960594,6.1905407937479096,WST_4852_Micro_161109.pdf,6,vector,2026-09-07
Centralloy G 4852 Micro,average,37.93688835575598,6.160564241065548,WST_4852_Micro_161109.pdf,6,vector,2026-09-07
Centralloy G 4852 Micro,average,37.95006893327682,6.130716856089116,WST_4852_Micro_161109.pdf,6,vector,2026-09-07
Centralloy G 4852 Micro,average,37.963241533031706,6.100997931123617,WST_4852_Micro_161109.pdf,6,vector,2026-09-07
Centralloy G 4852 Micro,average,37.97640628588393,6.071406764351408,WST_4852_Micro_161109.pdf,6,vector,2026-09-07
Centralloy G 4852 Micro,average,37.98956332269676,6.041942659781345,WST_4852_Micro_161109.pdf,6,vector,2026-09-07
Centralloy G 4852 Micro,average,38.002712774333474,6.012604927198394,WST_4852_Micro_161109.pdf,6,vector,2026-09-07
Centralloy G 4852 Micro,average,38.015854771657324,5.983392882113667,WST_4852_Micro_161109.pdf,6,vector,2026-09-07
Centralloy G 4852 Micro,average,38.02898944553161,5.954305845714933,WST_4852_Micro_161109.pdf,6,vector,2026-09-07
Centralloy G 4852 Micro,average,38.042116926819574,5.925343144817448,WST_4852_Micro_161109.pdf,6,vector,2026-09-07
Centralloy G 4852 Micro,average,38.055237346384516,5.896504111815296,WST_4852_Micro_161109.pdf,6,vector,2026-09-07
Centralloy G 4852 Micro,average,38.06835083508969,5.867788084633149,WST_4852_Micro_161109.pdf,6,vector,2026-09-07
Centralloy G 4852 Micro,average,38.08145752379838,5.839194406678385,WST_4852_Micro_161109.pdf,6,vector,2026-09-07
Centralloy G 4852 Micro,average,38.09455754337385,5.810722426793641,WST_4852_Micro_161109.pdf,6,vector,2026-09-07
Centralloy G 4852 Micro,average,38.107651024679384,5.782371499209773,WST_4852_Micro_161109.pdf,6,vector,2026-09-07
Centralloy G 4852 Micro,average,38.120738098578244,5.754140983499233,WST_4852_Micro_161109.pdf,6,vector,2026-09-07
Centralloy G 4852 Micro,average,38.13381889593371,5.726030244529769,WST_4852_Micro_161109.pdf,6,vector,2026-09-07
Centralloy G 4852 Micro,average,38.14689354760904,5.698038652418617,WST_4852_Micro_161109.pdf,6,vector,2026-09-07
Centralloy G 4852 Micro,average,38.159962184467524,5.67016558248702,WST_4852_Micro_161109.pdf,6,vector,2026-09-07
Centralloy G 4852 Micro,average,38.173024937372425,5.642410415215108,WST_4852_Micro_161109.pdf,6,vector,2026-09-07
Centralloy G 4852 Micro,average,38.18608193718701,5.614772536197209,WST_4852_Micro_161109.pdf,6,vector,2026-09-07
Centralloy G 4852 Micro,average,38.19913331477457,5.587251336097518,WST_4852_Micro_161109.pdf,6,vector,2026-09-07
Centralloy G 4852 Micro,average,38.212179200998364,5.559846210606137,WST_4852_Micro_161109.pdf,6,vector,2026-09-07
Centralloy G 4852 Micro,average,38.22521972672166,5.53255656039545,WST_4852_Micro_161109.pdf,6,vector,2026-09-07
Centralloy G 4852 Micro,average,38.23825502280775,5.5053817910769105,WST_4852_Micro_161109.pdf,6,vector,2026-09-07
Centralloy G 4852 Micro,average,38.25128522011988,5.478321313158157,WST_4852_Micro_161109.pdf,6,vector,2026-09-07
Centralloy G 4852 Micro,average,38.264310449521346,5.451374542000493,WST_4852_Micro_161109.pdf,6,vector,2026-09-07
Centralloy G 4852 Micro,average,38.27733084187541,5.4245408977767235,WST_4852_Micro_161109.pdf,6,vector,2026-09-07
Centralloy G 4852 Micro,average,38.29034652804534,5.397819805429314,WST_4852_Micro_161109.pdf,6,vector,2026-09-07
Centralloy G 4852 Micro,average,38.30335763889442,5.371210694628964,WST_4852_Micro_161109.pdf,6,vector,2026-09-07
Centralloy G 4852 Micro,average,38.31636430528591,5.344712999733407,WST_4852_Micro_161109.pdf,6,vector,2026-09-07
Centralloy G 4852 Micro,average,38.32936665808309,5.3183261597466736,WST_4852_Micro_161109.pdf,6,vector,2026-09-07
Centralloy G 4852 Micro,average,38.342364828149236,5.292049618278572,WST_4852_Micro_161109.pdf,6,vector,2026-09-07
Centralloy G 4852 Micro,average,38.355358946347614,5.265882823504594,WST_4852_Micro_161109.pdf,6,vector,2026-09-07
Centralloy G 4852 Micro,average,38.368349143541494,5.239825228126117,WST_4852_Micro_161109.pdf,6,vector,2026-09-07
Centralloy G 4852 Micro,average,38.38133555059416,5.21387628933087,WST_4852_Micro_161109.pdf,6,vector,2026-09-07
Centralloy G 4852 Micro,average,38.394318298368866,5.188035468753843,WST_4852_Micro_161109.pdf,6,vector,2026-09-07
Centralloy G 4852 Micro,average,38.40729751772891,5.1623022324383605,WST_4852_Micro_161109.pdf,6,vector,2026-09-07
Centralloy G 4852 Micro,average,38.42027333953754,5.1366760507976394,WST_4852_Micro_161109.pdf,6,vector,2026-09-07
Centralloy G 4852 Micro,average,38.433245894658036,5.111156398576499,WST_4852_Micro_161109.pdf,6,vector,2026-09-07
Centralloy G 4852 Micro,average,38.44621531395368,5.085742754813484,WST_4852_Micro_161109.pdf,6,vector,2026-09-07
Centralloy G 4852 Micro,average,38.45918172828773,5.060434602803264,WST_4852_Micro_161109.pdf,6,vector,2026-09-07
Centralloy G 4852 Micro,average,38.47214526852347,5.035231430059282,WST_4852_Micro_161109.pdf,6,vector,2026-09-07
Centralloy G 4852 Micro,average,38.48510606552417,5.0101327282768064,WST_4852_Micro_161109.pdf,6,vector,2026-09-07
Centralloy G 4852 Micro,average,38.4980642501531,4.985137993296175,WST_4852_Micro_161109.pdf,6,vector,2026-09-07
Centralloy G 4852 Micro,average,38.51101995327353,4.960246725066399,WST_4852_Micro_161109.pdf,6,vector,2026-09-07
Centralloy G 4852 Micro,average,38.52397330574874,4.9354584276090145,WST_4852_Micro_161109.pdf,6,vector,2026-09-07
Centralloy G 4852 Micro,average,38.536924438442,4.910772608982252,WST_4852_Micro_161109.pdf,6,vector,2026-09-07
Centralloy G 4852 Micro,average,38.54987348221658,4.886188781245472,WST_4852_Micro_161109.pdf,6,vector,2026-09-07
Centralloy G 4852 Micro,average,38.56282056793575,4.861706460423891,WST_4852_Micro_161109.pdf,6,vector,2026-09-07
Centralloy G 4852 Micro,average,38.575765826462785,4.837325166473559,WST_4852_Micro_161109.pdf,6,vector,2026-09-07
Centralloy G 4852 Micro,average,38.588709388660966,4.8130444232466685,WST_4852_Micro_161109.pdf,6,vector,2026-09-07
Centralloy G 4852 Micro,average,38.60165138539355,4.788863758457067,WST_4852_Micro_161109.pdf,6,vector,2026-09-07
Centralloy G 4852 Micro,average,38.61459194752382,4.76478270364609,WST_4852_Micro_161109.pdf,6,vector,2026-09-07
Centralloy G 4852 Micro,average,38.62753120591505,4.740800794148648,WST_4852_Micro_161109.pdf,6,vector,2026-09-07
Centralloy G 4852 Micro,average,38.6404692914305,4.716917569059563,WST_4852_Micro_161109.pdf,6,vector,2026-09-07
Centralloy G 4852 Micro,average,38.65340633493345,4.69313257120018,WST_4852_Micro_161109.pdf,6,vector,2026-09-07
Centralloy G 4852 Micro,average,38.66634246728718,4.669445347085247,WST_4852_Micro_161109.pdf,6,vector,2026-09-07
Centralloy G 4852 Micro,average,38.67927781935495,4.6458554468900415,WST_4852_Micro_161109.pdf,6,vector,2026-09-07
Centralloy G 4852 Micro,average,38.69221252200004,4.622362424417724,WST_4852_Micro_161109.pdf,6,vector,2026-09-07
Centralloy G 4852 Micro,average,38.70514670608572,4.598965837067002,WST_4852_Micro_161109.pdf,6,vector,2026-09-07
Centralloy G 4852 Micro,average,38.71808050247526,4.5756652458,WST_4852_Micro_161109.pdf,6,vector,2026-09-07
Centralloy G 4852 Micro,average,38.731014042031944,4.552460215110383,WST_4852_Micro_161109.pdf,6,vector,2026-09-07
Centralloy G 4852 Micro,average,38.74394745561903,4.529350312991745,WST_4852_Micro_161109.pdf,6,vector,2026-09-07
Centralloy G 4852 Micro,average,38.7568808740998,4.506335110906201,WST_4852_Micro_161109.pdf,6,vector,2026-09-07
Centralloy G 4852 Micro,average,38.76981442833752,4.483414183753272,WST_4852_Micro_161109.pdf,6,vector,2026-09-07
Centralloy G 4852 Micro,average,38.782748249195464,4.460587109838949,WST_4852_Micro_161109.pdf,6,vector,2026-09-07
Centralloy G 4852 Micro,average,38.795682467536906,4.437853470845042,WST_4852_Micro_161109.pdf,6,vector,2026-09-07
Centralloy G 4852 Micro,average,38.80861721422512,4.415212851798737,WST_4852_Micro_161109.pdf,6,vector,2026-09-07
Centralloy G 4852 Micro,average,38.82155262012338,4.392664841042379,WST_4852_Micro_161109.pdf,6,vector,2026-09-07
Centralloy G 4852 Micro,average,38.83448881609495,4.37020903020352,WST_4852_Micro_161109.pdf,6,vector,2026-09-07
Centralloy G 4852 Micro,average,38.84742593300311,4.34784501416513,WST_4852_Micro_161109.pdf,6,vector,2026-09-07
Centralloy G 4852 Micro,average,38.86036410171113,4.325572391036092,WST_4852_Micro_161109.pdf,6,vector,2026-09-07
Centralloy G 4852 Micro,average,38.87330345308228,4.30339076212191,WST_4852_Micro_161109.pdf,6,vector,2026-09-07
Centralloy G 4852 Micro,average,38.886244117979835,4.28129973189559,WST_4852_Micro_161109.pdf,6,vector,2026-09-07
Centralloy G 4852 Micro,average,38.899186227267066,4.2592989079687955,WST_4852_Micro_161109.pdf,6,vector,2026-09-07
Centralloy G 4852 Micro,average,38.912129911807256,4.237387901063207,WST_4852_Micro_161109.pdf,6,vector,2026-09-07
Centralloy G 4852 Micro,average,38.92507530246366,4.215566324982058,WST_4852_Micro_161109.pdf,6,vector,2026-09-07
Centralloy G 4852 Micro,average,38.938022530099566,4.193833796581929,WST_4852_Micro_161109.pdf,6,vector,2026-09-07
Centralloy G 4852 Micro,average,38.950971725578235,4.1721899357447425,WST_4852_Micro_161109.pdf,6,vector,2026-09-07
Centralloy G 4852 Micro,average,38.963923019762944,4.150634365349932,WST_4852_Micro_161109.pdf,6,vector,2026-09-07
Centralloy G 4852 Micro,average,38.976876543516966,4.129166711246876,WST_4852_Micro_161109.pdf,6,vector,2026-09-07
Centralloy G 4852 Micro,average,38.98983242770357,4.107786602227467,WST_4852_Micro_161109.pdf,6,vector,2026-09-07
Centralloy G 4852 Micro,average,39.00279080318604,4.086493669998957,WST_4852_Micro_161109.pdf,6,vector,2026-09-07
Centralloy G 4852 Micro,average,39.01575180082763,4.065287549156947,WST_4852_Micro_161109.pdf,6,vector,2026-09-07
Centralloy G 4852 Micro,average,39.02871555149163,4.044167877158601,WST_4852_Micro_161109.pdf,6,vector,2026-09-07
Centralloy G 4852 Micro,average,39.0416821860413,4.023134294296042,WST_4852_Micro_161109.pdf,6,vector,2026-09-07
Centralloy G 4852 Micro,average,39.05465183533992,4.00218644366998,WST_4852_Micro_161109.pdf,6,vector,2026-09-07
Centralloy G 4852 Micro,average,39.067624630250755,3.9813239711634787,WST_4852_Micro_161109.pdf,6,vector,2026-09-07
Centralloy G 4852 Micro,average,39.08060070163709,3.960546525415968,WST_4852_Micro_161109.pdf,6,vector,2026-09-07
Centralloy G 4852 Micro,average,39.09358018036218,3.939853757797404,WST_4852_Micro_161109.pdf,6,vector,2026-09-07
Centralloy G 4852 Micro,average,39.10656319728932,3.9192453223826442,WST_4852_Micro_161109.pdf,6,vector,2026-09-07
Centralloy G 4852 Micro,average,39.119549883281756,3.898720875926005,WST_4852_Micro_161109.pdf,6,vector,2026-09-07
Centralloy G 4852 Micro,average,39.13254036920278,3.8782800778359987,WST_4852_Micro_161109.pdf,6,vector,2026-09-07
Centralloy G 4852 Micro,average,39.14553478591566,3.8579225901502636,WST_4852_Micro_161109.pdf,6,vector,2026-09-07
Centralloy G 4852 Micro,average,39.15853326428367,3.837648077510652,WST_4852_Micro_161109.pdf,6,vector,2026-09-07
Centralloy G 4852 Micro,average,39.17153593517007,3.817456207138545,WST_4852_Micro_161109.pdf,6,vector,2026-09-07
Centralloy G 4852 Micro,average,39.18454292943815,3.7973466488102976,WST_4852_Micro_161109.pdf,6,vector,2026-09-07
Centralloy G 4852 Micro,average,39.19755437795117,3.7773190748328855,WST_4852_Micro_161109.pdf,6,vector,2026-09-07
Centralloy G 4852 Micro,average,39.21057041157241,3.757373160019739,WST_4852_Micro_161109.pdf,6,vector,2026-09-07
Centralloy G 4852 Micro,average,39.223591161165146,3.737508581666731,WST_4852_Micro_161109.pdf,6,vector,2026-09-07
Centralloy G 4852 Micro,average,39.23661675759263,3.7177250195283413,WST_4852_Micro_161109.pdf,6,vector,2026-09-07
Centralloy G 4852 Micro,average,39.24964733171816,3.698022155793998,WST_4852_Micro_161109.pdf,6,vector,2026-09-07
Centralloy G 4852 Micro,average,39.26268301440499,3.6783996750645955,WST_4852_Micro_161109.pdf,6,vector,2026-09-07
Centralloy G 4852 Micro,average,39.2757239365164,3.658857264329171,WST_4852_Micro_161109.pdf,6,vector,2026-09-07
Centralloy G 4852 Micro,average,39.288770228915666,3.6393946129417496,WST_4852_Micro_161109.pdf,6,vector,2026-09-07
Centralloy G 4852 Micro,minimum,31.340634071569863,36.98627836029916,WST_4852_Micro_161109.pdf,6,vector,2026-09-07
Centralloy G 4852 Micro,minimum,31.358194806518064,36.84400373038063,WST_4852_Micro_161109.pdf,6,vector,2026-09-07
Centralloy G 4852 Micro,minimum,31.37599233097545,36.699813028624526,WST_4852_Micro_161109.pdf,6,vector,2026-09-07
Centralloy G 4852 Micro,minimum,31.394025317566783,36.55373674047137,WST_4852_Micro_161109.pdf,6,vector,2026-09-07
Centralloy G 4852 Micro,minimum,31.41229243891683,36.4058055657729,WST_4852_Micro_161109.pdf,6,vector,2026-09-07
Centralloy G 4852 Micro,minimum,31.430792367650348,36.25605040860726,WST_4852_Micro_161109.pdf,6,vector,2026-09-07
Centralloy G 4852 Micro,minimum,31.44952377639211,36.104502367098284,WST_4852_Micro_161109.pdf,6,vector,2026-09-07
Centralloy G 4852 Micro,minimum,31.468485337766875,35.951192723242535,WST_4852_Micro_161109.pdf,6,vector,2026-09-07
Centralloy G 4852 Micro,minimum,31.487675724399402,35.79615293274834,WST_4852_Micro_161109.pdf,6,vector,2026-09-07
Centralloy G 4852 Micro,minimum,31.507093608914467,35.63941461489174,WST_4852_Micro_161109.pdf,6,vector,2026-09-07
Centralloy G 4852 Micro,minimum,31.526737663936824,35.48100954239278,WST_4852_Micro_161109.pdf,6,vector,2026-09-07
Centralloy G 4852 Micro,minimum,31.546606562091238,35.32096963131682,WST_4852_Micro_161109.pdf,6,vector,2026-09-07
Centralloy G 4852 Micro,minimum,31.566698976002478,35.159326931004934,WST_4852_Micro_161109.pdf,6,vector,2026-09-07
Centralloy G 4852 Micro,minimum,31.587013578295306,34.99611361403715,WST_4852_Micro_161109.pdf,6,vector,2026-09-07
Centralloy G 4852 Micro,minimum,31.607549041594485,34.831361966233295,WST_4852_Micro_161109.pdf,6,vector,2026-09-07
Centralloy G 4852 Micro,minimum,31.628304038524774,34.66510437669431,WST_4852_Micro_161109.pdf,6,vector,2026-09-07
Centralloy G 4852 Micro,minimum,31.649277241710944,34.497373327888916,WST_4852_Micro_161109.pdf,6,vector,2026-09-07
Centralloy G 4852 Micro,minimum,31.67046732377776,34.32820138578931,WST_4852_Micro_161109.pdf,6,vector,2026-09-07
Centralloy G 4852 Micro,minimum,31.69187295734998,34.15762119005853,WST_4852_Micro_161109.pdf,6,vector,2026-09-07
Centralloy G 4852 Micro,minimum,31.713492815052376,33.9856654442955,WST_4852_Micro_161109.pdf,6,vector,2026-09-07
Centralloy G 4852 Micro,minimum,31.735325569509698,33.81236690633885,WST_4852_Micro_161109.pdf,6,vector,2026-09-07
Centralloy G 4852 Micro,minimum,31.757369893346723,33.637758378634935,WST_4852_Micro_161109.pdf,6,vector,2026-09-07
Centralloy G 4852 Micro,minimum,31.779624459188213,33.46187269867299,WST_4852_Micro_161109.pdf,6,vector,2026-09-07
Centralloy G 4852 Micro,minimum,31.802087939658925,33.284742729490155,WST_4852_Micro_161109.pdf,6,vector,2026-09-07
Centralloy G 4852 Micro,minimum,31.824759007383634,33.106401350251474,WST_4852_Micro_161109.pdf,6,vector,2026-09-07
Centralloy G 4852 Micro,minimum,31.84763633498709,32.926881446906165,WST_4852_Micro_161109.pdf,6,vector,2026-09-07
Centralloy G 4852 Micro,minimum,31.870718595094065,32.746215902925,WST_4852_Micro_161109.pdf,6,vector,2026-09-07
Centralloy G 4852 Micro,minimum,31.894004460329327,32.564437590120946,WST_4852_Micro_161109.pdf,6,vector,2026-09-07
Centralloy G 4852 Micro,minimum,31.917492603317633,32.38157935955685,WST_4852_Micro_161109.pdf,6,vector,2026-09-07
Centralloy G 4852 Micro,minimum,31.941181696683753,32.197674032542494,WST_4852_Micro_161109.pdf,6,vector,2026-09-07
Centralloy G 4852 Micro,minimum,31.96507041305244,32.01275439172479,WST_4852_Micro_161109.pdf,6,vector,2026-09-07
Centralloy G 4852 Micro,minimum,31.989157425048468,31.82685317227339,WST_4852_Micro_161109.pdf,6,vector,2026-09-07
Centralloy G 4852 Micro,minimum,32.013441405296604,31.640003053164264,WST_4852_Micro_161109.pdf,6,vector,2026-09-07
Centralloy G 4852 Micro,minimum,32.0379210264216,31.452236648564927,WST_4852_Micro_161109.pdf,6,vector,2026-09-07
Centralloy G 4852 Micro,minimum,32.06259496104823,31.263586499323086,WST_4852_Micro_161109.pdf,6,vector,2026-09-07
Centralloy G 4852 Micro,minimum,32.08746188180125,31.074085064561192,WST_4852_Micro_161109.pdf,6,vector,2026-09-07
Centralloy G 4852 Micro,minimum,32.11252046130542,30.883764713380458,WST_4852_Micro_161109.pdf,6,vector,2026-09-07
Centralloy G 4852 Micro,minimum,32.137769372185524,30.692657716675146,WST_4852_Micro_161109.pdf,6,vector,2026-09-07
Centralloy G 4852 Micro,minimum,32.16320728706631,30.500796239060808,WST_4852_Micro_161109.pdf,6,vector,2026-09-07
Centralloy G 4852 Micro,minimum,32.18883287857255,30.308212330918064,WST_4852_Micro_161109.pdf,6,vector,2026-09-07
Centralloy G 4852 Micro,minimum,32.214644819328996,30.114937920553633,WST_4852_Micro_161109.pdf,6,vector,2026-09-07
Centralloy G 4852 Micro,minimum,32.24064178196042,29.921004806482163,WST_4852_Micro_161109.pdf,6,vector,2026-09-07
Centralloy G 4852 Micro,minimum,32.26682243909159,29.726444649828988,WST_4852_Micro_161109.pdf,6,vector,2026-09-07
Centralloy G 4852 Micro,minimum,32.293185463347264,29.53128896685687,WST_4852_Micro_161109.pdf,6,vector,2026-09-07
Centralloy G 4852 Micro,minimum,32.319729527352216,29.335569121618523,WST_4852_Micro_161109.pdf,6,vector,2026-09-07
Centralloy G 4852 Micro,minimum,32.34645330373119,29.139316318735975,WST_4852_Micro_161109.pdf,6,vector,2026-09-07
Centralloy G 4852 Micro,minimum,32.37335546510896,28.942561596309172,WST_4852_Micro_161109.pdf,6,vector,2026-09-07
Centralloy G 4852 Micro,minimum,32.4004346841103,28.745335818954818,WST_4852_Micro_161109.pdf,6,vector,2026-09-07
Centralloy G 4852 Micro,minimum,32.42768963335996,28.547669670977093,WST_4852_Micro_161109.pdf,6,vector,2026-09-07
Centralloy G 4852 Micro,minimum,32.45511898548271,28.349593649672233,WST_4852_Micro_161109.pdf,6,vector,2026-09-07
Centralloy G 4852 Micro,minimum,32.48272141310331,28.151138058767078,WST_4852_Micro_161109.pdf,6,vector,2026-09-07
Centralloy G 4852 Micro,minimum,32.51049558884653,27.952333001994056,WST_4852_Micro_161109.pdf,6,vector,2026-09-07
Centralloy G 4852 Micro,minimum,32.53844018533714,27.753208376802956,WST_4852_Micro_161109.pdf,6,vector,2026-09-07
Centralloy G 4852 Micro,minimum,32.56655387519988,27.553793868210967,WST_4852_Micro_161109.pdf,6,vector,2026-09-07
Centralloy G 4852 Micro,minimum,32.594835331059535,27.354118942791885,WST_4852_Micro_161109.pdf,6,vector,2026-09-07
Centralloy G 4852 Micro,minimum,32.62328322554087,27.154212842805144,WST_4852_Micro_161109.pdf,6,vector,2026-09-07
Centralloy G 4852 Micro,minimum,32.65189623126863,26.95410458046615,WST_4852_Micro_161109.pdf,6,vector,2026-09-07
Centralloy G 4852 Micro,minimum,32.680673020867594,26.75382293235776,WST_4852_Micro_161109.pdf,6,vector,2026-09-07
Centralloy G 4852 Micro,minimum,32.70961226696253,26.55339643398452,WST_4852_Micro_161109.pdf,6,vector,2026-09-07
Centralloy G 4852 Micro,minimum,32.738712642178186,26.352853374469575,WST_4852_Micro_161109.pdf,6,vector,2026-09-07
Centralloy G 4852 Micro,minimum,32.76797281913934,26.152221791395053,WST_4852_Micro_161109.pdf,6,vector,2026-09-07
Centralloy G 4852 Micro,minimum,32.79739147047075,25.951529465786578,WST_4852_Micro_161109.pdf,6,vector,2026-09-07
Centralloy G 4852 Micro,minimum,32.826967268797176,25.750803917241658,WST_4852_Micro_161109.pdf,6,vector,2026-09-07
Centralloy G 4852 Micro,minimum,32.85669888674339,25.55007239920295,WST_4852_Micro_161109.pdf,6,vector,2026-09-07
Centralloy G 4852 Micro,minimum,32.886584996934154,25.349361894376106,WST_4852_Micro_161109.pdf,6,vector,2026-09-07
Centralloy G 4852 Micro,minimum,32.91662427199423,25.148699110292768,WST_4852_Micro_161109.pdf,6,vector,2026-09-07
Centralloy G 4852 Micro,minimum,32.94681538454838,24.94811047501849,WST_4852_Micro_161109.pdf,6,vector,2026-09-07
Centralloy G 4852 Micro,minimum,32.97715700722137,24.74762213300549,WST_4852_Micro_161109.pdf,6,vector,2026-09-07
Centralloy G 4852 Micro,minimum,33.00764781263797,24.54725994109056,WST_4852_Micro_161109.pdf,6,vector,2026-09-07
Centralloy G 4852 Micro,minimum,33.038286473422936,24.3470494646379,WST_4852_Micro_161109.pdf,6,vector,2026-09-07
Centralloy G 4852 Micro,minimum,33.069071662201026,24.147015973826097,WST_4852_Micro_161109.pdf,6,vector,2026-09-07
Centralloy G 4852 Micro,minimum,33.100002051597016,23.94718444008017,WST_4852_Micro_161109.pdf,6,vector,2026-09-07
Centralloy G 4852 Micro,minimum,33.13107631423567,23.747579532646952,WST_4852_Micro_161109.pdf,6,vector,2026-09-07
Centralloy G 4852 Micro,minimum,33.162293122741744,23.548225615314383,WST_4852_Micro_161109.pdf,6,vector,2026-09-07
Centralloy G 4852 Micro,minimum,33.19365114974001,23.34914674327401,WST_4852_Micro_161109.pdf,6,vector,2026-09-07
Centralloy G 4852 Micro,minimum,33.22514906785523,23.150366660125876,WST_4852_Micro_161109.pdf,6,vector,2026-09-07
Centralloy G 4852 Micro,minimum,33.256785549712156,22.951908795025822,WST_4852_Micro_161109.pdf,6,vector,2026-09-07
Centralloy G 4852 Micro,minimum,33.28855926793557,22.7537962599737,WST_4852_Micro_161109.pdf,6,vector,2026-09-07
Centralloy G 4852 Micro,minimum,33.32046889515023,22.556051847242546,WST_4852_Micro_161109.pdf,6,vector,2026-09-07
Centralloy G 4852 Micro,minimum,33.35251310398089,22.35869802694751,WST_4852_Micro_161109.pdf,6,vector,2026-09-07
Centralloy G 4852 Micro,minimum,33.38469056705232,22.16175694475409,WST_4852_Micro_161109.pdf,6,vector,2026-09-07
Centralloy G 4852 Micro,minimum,33.41699995698929,21.965250419724327,WST_4852_Micro_161109.pdf,6,vector,2026-09-07
Centralloy G 4852 Micro,minimum,33.44943994641656,21.769199942300325,WST_4852_Micro_161109.pdf,6,vector,2026-09-07
Centralloy G 4852 Micro,minimum,33.482009207958896,21.57362667242412,WST_4852_Micro_161109.pdf,6,vector,2026-09-07
Centralloy G 4852 Micro,minimum,33.514706414241054,21.378551437792677,WST_4852_Micro_161109.pdf,6,vector,2026-09-07
Centralloy G 4852 Micro,minimum,33.547530237887806,21.183994732247164,WST_4852_Micro_161109.pdf,6,vector,2026-09-07
Centralloy G 4852 Micro,minimum,33.58047935152391,20.98997671429518,WST_4852_Micro_161109.pdf,6,vector,2026-09-07
Centralloy G 4852 Micro,minimum,33.61355242777414,20.796517205764776,WST_4852_Micro_161109.pdf,6,vector,2026-09-07
Centralloy G 4852 Micro,minimum,33.64674813926325,20.603635690589137,WST_4852_Micro_161109.pdf,6,vector,2026-09-07
Centralloy G 4852 Micro,minimum,33.68006515861601,20.411351313720463,WST_4852_Micro_161109.pdf,6,vector,2026-09-07
Centralloy G 4852 Micro,minimum,33.713502158457175,20.219682880172037,WST_4852_Micro_161109.pdf,6,vector,2026-09-07
Centralloy G 4852 Micro,minimum,33.747057811411516,20.02864885418692,WST_4852_Micro_161109.pdf,6,vector,2026-09-07
Centralloy G 4852 Micro,minimum,33.780730790103796,19.83826735853169,WST_4852_Micro_161109.pdf,6,vector,2026-09-07
Centralloy G 4852 Micro,minimum,33.814519767158785,19.648556173914027,WST_4852_Micro_161109.pdf,6,vector,2026-09-07
Centralloy G 4852 Micro,minimum,33.84842341520123,19.459532738522903,WST_4852_Micro_161109.pdf,6,vector,2026-09-07
Centralloy G 4852 Micro,minimum,33.88244040685591,19.27121414768914,WST_4852_Micro_161109.pdf,6,vector,2026-09-07
Centralloy G 4852 Micro,minimum,33.91656941474759,19.083617153665607,WST_4852_Micro_161109.pdf,6,vector,2026-09-07
Centralloy G 4852 Micro,minimum,33.95080911150102,18.896758165524798,WST_4852_Micro_161109.pdf,6,vector,2026-09-07
Centralloy G 4852 Micro,minimum,33.985158169740984,18.710653249172672,WST_4852_Micro_161109.pdf,6,vector,2026-09-07
Centralloy G 4852 Micro,minimum,34.01961526209223,18.52531812747663,WST_4852_Micro_161109.pdf,6,vector,2026-09-07
Centralloy G 4852 Micro,minimum,34.054179061179525,18.3407681805065,WST_4852_Micro_161109.pdf,6,vector,2026-09-07
Centralloy G 4852 Micro,minimum,34.08884823962764,18.157018445886443,WST_4852_Micro_161109.pdf,6,vector,2026-09-07
Centralloy G 4852 Micro,minimum,34.12362147006132,17.974083619255993,WST_4852_Micro_161109.pdf,6,vector,2026-09-07
Centralloy G 4852 Micro,minimum,34.15849742510536,17.791978054838847,WST_4852_Micro_161109.pdf,6,vector,2026-09-07
Centralloy G 4852 Micro,minimum,34.193474777384495,17.61071576611717,WST_4852_Micro_161109.pdf,6,vector,2026-09-07
Centralloy G 4852 Micro,minimum,34.228552199523506,17.43031042660998,WST_4852_Micro_161109.pdf,6,vector,2026-09-07
Centralloy G 4852 Micro,minimum,34.26372836414714,17.250775370753736,WST_4852_Micro_161109.pdf,6,vector,2026-09-07
Centralloy G 4852 Micro,minimum,34.299001943880185,17.072123594882854,WST_4852_Micro_161109.pdf,6,vector,2026-09-07
Centralloy G 4852 Micro,minimum,34.33437161134739,16.89436775830903,WST_4852_Micro_161109.pdf,6,vector,2026-09-07
Centralloy G 4852 Micro,minimum,34.36983603917352,16.71752018449661,WST_4852_Micro_161109.pdf,6,vector,2026-09-07
Centralloy G 4852 Micro,minimum,34.40539389998334,16.541592862333022,WST_4852_Micro_161109.pdf,6,vector,2026-09-07
Centralloy G 4852 Micro,minimum,34.441043866401614,16.36659744749165,WST_4852_Micro_161109.pdf,6,vector,2026-09-07
Centralloy G 4852 Micro,minimum,34.4767846110531,16.19254526388548,WST_4852_Micro_161109.pdf,6,vector,2026-09-07
Centralloy G 4852 Micro,minimum,34.512614806562574,16.01944730520967,WST_4852_Micro_161109.pdf,6,vector,2026-09-07
Centralloy G 4852 Micro,minimum,34.5485331255548,15.84731423657088,WST_4852_Micro_161109.pdf,6,vector,2026-09-07
Centralloy G 4852 Micro,minimum,34.584538240654524,15.67615639620158,WST_4852_Micro_161109.pdf,6,vector,2026-09-07
Centralloy G 4852 Micro,minimum,34.62062882448652,15.505983797257377,WST_4852_Micro_161109.pdf,6,vector,2026-09-07
Centralloy G 4852 Micro,minimum,34.656803549675566,15.336806129695084,WST_4852_Micro_161109.pdf,6,vector,2026-09-07
Centralloy G 4852 Micro,minimum,34.693061088846406,15.168632762230022,WST_4852_Micro_161109.pdf,6,vector,2026-09-07
Centralloy G 4852 Micro,minimum,34.729400114623814,15.001472744370078,WST_4852_Micro_161109.pdf,6,vector,2026-09-07
Centralloy G 4852 Micro,minimum,34.765819299632554,14.835334808524888,WST_4852_Micro_161109.pdf,6,vector,2026-09-07
Centralloy G 4852 Micro,minimum,34.80231731649738,14.67022737218815,WST_4852_Micro_161109.pdf,6,vector,2026-09-07
Centralloy G 4852 Micro,minimum,34.83889283784307,14.50615854019059,WST_4852_Micro_161109.pdf,6,vector,2026-09-07
Centralloy G 4852 Micro,minimum,34.87554453629438,14.343136107022204,WST_4852_Micro_161109.pdf,6,vector,2026-09-07
Centralloy G 4852 Micro,minimum,34.912271084476075,14.181167559221416,WST_4852_Micro_161109.pdf,6,vector,2026-09-07
Centralloy G 4852 Micro,minimum,34.949071155012916,14.020260077829349,WST_4852_Micro_161109.pdf,6,vector,2026-09-07
Centralloy G 4852 Micro,minimum,34.98594342052967,13.860420540906867,WST_4852_Micro_161109.pdf,6,vector,2026-09-07
Centralloy G 4852 Micro,minimum,35.022886553651105,13.701655526112923,WST_4852_Micro_161109.pdf,6,vector,2026-09-07
Centralloy G 4852 Micro,minimum,35.059899227001985,13.543971313341716,WST_4852_Micro_161109.pdf,6,vector,2026-09-07
Centralloy G 4852 Micro,minimum,35.09698011320707,13.387373887417073,WST_4852_Micro_161109.pdf,6,vector,2026-09-07
Centralloy G 4852 Micro,minimum,35.134127884891114,13.231868940841855,WST_4852_Micro_161109.pdf,6,vector,2026-09-07
Centralloy G 4852 Micro,minimum,35.1713412146789,13.077461876600383,WST_4852_Micro_161109.pdf,6,vector,2026-09-07
Centralloy G 4852 Micro,minimum,35.20861877519518,12.924157811012218,WST_4852_Micro_161109.pdf,6,vector,2026-09-07
Centralloy G 4852 Micro,minimum,35.24595923906472,12.771961576635038,WST_4852_Micro_161109.pdf,6,vector,2026-09-07
Centralloy G 4852 Micro,minimum,35.28336127891228,12.620877725214708,WST_4852_Micro_161109.pdf,6,vector,2026-09-07
Centralloy G 4852 Micro,minimum,35.32082356736264,12.47091053068094,WST_4852_Micro_161109.pdf,6,vector,2026-09-07
Centralloy G 4852 Micro,minimum,35.35834477704054,12.322063992186129,WST_4852_Micro_161109.pdf,6,vector,2026-09-07
Centralloy G 4852 Micro,minimum,35.395923580570766,12.174341837185851,WST_4852_Micro_161109.pdf,6,vector,2026-09-07
Centralloy G 4852 Micro,minimum,35.43355865057807,12.027747524559015,WST_4852_Micro_161109.pdf,6,vector,2026-09-07
Centralloy G 4852 Micro,minimum,35.47124865968722,11.882284247765716,WST_4852_Micro_161109.pdf,6,vector,2026-09-07
Centralloy G 4852 Micro,minimum,35.50899228052298,11.737954938040955,WST_4852_Micro_161109.pdf,6,vector,2026-09-07
Centralloy G 4852 Micro,minimum,35.546788185710106,11.59476226762265,WST_4852_Micro_161109.pdf,6,vector,2026-09-07
Centralloy G 4852 Micro,minimum,35.58463504787338,11.452708653011507,WST_4852_Micro_161109.pdf,6,vector,2026-09-07
Centralloy G 4852 Micro,minimum,35.62253153963754,11.311796258261676,WST_4852_Micro_161109.pdf,6,vector,2026-09-07
Centralloy G 4852 Micro,minimum,35.66047633362737,11.172026998299804,WST_4852_Micro_161109.pdf,6,vector,2026-09-07
Centralloy G 4852 Micro,minimum,35.69846810246763,11.033402542270965,WST_4852_Micro_161109.pdf,6,vector,2026-09-07
Centralloy G 4852 Micro,minimum,35.73650551878308,10.895924316909873,WST_4852_Micro_161109.pdf,6,vector,2026-09-07
Centralloy G 4852 Micro,minimum,35.77458725519849,10.759593509935145,WST_4852_Micro_161109.pdf,6,vector,2026-09-07
Centralloy G 4852 Micro,minimum,35.81271198433862,10.624411073465506,WST_4852_Micro_161109.pdf,6,vector,2026-09-07
Centralloy G 4852 Micro,minimum,35.85087837882823,10.490377727455728,WST_4852_Micro_161109.pdf,6,vector,2026-09-07
Centralloy G 4852 Micro,minimum,35.88908511129209,10.357493963150944,WST_4852_Micro_161109.pdf,6,vector,2026-09-07
Centralloy G 4852 Micro,minimum,35.92733085435496,10.225760046557543,WST_4852_Micro_161109.pdf,6,vector,2026-09-07
Centralloy G 4852 Micro,minimum,35.96561428064161,10.095176021929065,WST_4852_Micro_161109.pdf,6,vector,2026-09-07
Centralloy G 4852 Micro,minimum,36.00393406277679,9.965741715265477,WST_4852_Micro_161109.pdf,6,vector,2026-09-07
Centralloy G 4852 Micro,minimum,36.04228887338529,9.837456737824203,WST_4852_Micro_161109.pdf,6,vector,2026-09-07
Centralloy G 4852 Micro,minimum,36.080677385091846,9.710320489641406,WST_4852_Micro_161109.pdf,6,vector,2026-09-07
Centralloy G 4852 Micro,minimum,36.119098270521235,9.584332163061998,WST_4852_Micro_161109.pdf,6,vector,2026-09-07
Centralloy G 4852 Micro,minimum,36.157550202298225,9.459490746276714,WST_4852_Micro_161109.pdf,6,vector,2026-09-07
Centralloy G 4852 Micro,minimum,36.19603185304757,9.335795026864966,WST_4852_Micro_161109.pdf,6,vector,2026-09-07
Centralloy G 4852 Micro,minimum,36.23454189539404,9.213243595341877,WST_4852_Micro_161109.pdf,6,vector,2026-09-07
Centralloy G 4852 Micro,minimum,36.2730790019624,9.091834848708093,WST_4852_Micro_161109.pdf,6,vector,2026-09-07
Centralloy G 4852 Micro,minimum,36.31164184537741,8.971566994000922,WST_4852_Micro_161109.pdf,6,vector,2026-09-07
Centralloy G 4852 Micro,minimum,36.35022909826383,8.852438051845468,WST_4852_Micro_161109.pdf,6,vector,2026-09-07
Centralloy G 4852 Micro,minimum,36.38883943324643,8.734445860004387,WST_4852_Micro_161109.pdf,6,vector,2026-09-07
Centralloy G 4852 Micro,minimum,36.42747152294998,8.617588076924857,WST_4852_Micro_161109.pdf,6,vector,2026-09-07
Centralloy G 4852 Micro,minimum,36.46612403999924,8.501862185281515,WST_4852_Micro_161109.pdf,6,vector,2026-09-07
Centralloy G 4852 Micro,minimum,36.50479565701896,8.387265495514093,WST_4852_Micro_161109.pdf,6,vector,2026-09-07
Centralloy G 4852 Micro,minimum,36.54348504663392,8.273795149358403,WST_4852_Micro_161109.pdf,6,vector,2026-09-07
Centralloy G 4852 Micro,minimum,36.58219088146888,8.161448123369505,WST_4852_Micro_161109.pdf,6,vector,2026-09-07
Centralloy G 4852 Micro,minimum,36.6209118341486,8.050221232435884,WST_4852_Micro_161109.pdf,6,vector,2026-09-07
Centralloy G 4852 Micro,minimum,36.659646577297856,7.940111133283351,WST_4852_Micro_161109.pdf,6,vector,2026-09-07
Centralloy G 4852 Micro,minimum,36.69839378354139,7.831114327967606,WST_4852_Micro_161109.pdf,6,vector,2026-09-07
Centralloy G 4852 Micro,minimum,36.73715212550399,7.723227167354297,WST_4852_Micro_161109.pdf,6,vector,2026-09-07
Centralloy G 4852 Micro,minimum,36.77592027581041,7.616445854585497,WST_4852_Micro_161109.pdf,6,vector,2026-09-07
Centralloy G 4852 Micro,minimum,36.8146969070854,7.510766448531493,WST_4852_Micro_161109.pdf,6,vector,2026-09-07
Centralloy G 4852 Micro,minimum,36.85348069195374,7.406184867226889,WST_4852_Micro_161109.pdf,6,vector,2026-09-07
Centralloy G 4852 Micro,minimum,36.8922703030402,7.302696891289954,WST_4852_Micro_161109.pdf,6,vector,2026-09-07
Centralloy G 4852 Micro,minimum,36.931064412969526,7.2002981673242825,WST_4852_Micro_161109.pdf,6,vector,2026-09-07
Centralloy G 4852 Micro,minimum,36.96986169436649,7.0989842113017705,WST_4852_Micro_161109.pdf,6,vector,2026-09-07
Centralloy G 4852 Micro,minimum,37.00866081985586,6.998750411925893,WST_4852_Micro_161109.pdf,6,vector,2026-09-07
Centralloy G 4852 Micro,minimum,37.0474604620624,6.899592033974604,WST_4852_Micro_161109.pdf,6,vector,2026-09-07
Centralloy G 4852 Micro,minimum,37.086259293610865,6.801504221621694,WST_4852_Micro_161109.pdf,6,vector,2026-09-07
Centralloy G 4852 Micro,minimum,37.12505598712603,6.7044820017359354,WST_4852_Micro_161109.pdf,6,vector,2026-09-07
Centralloy G 4852 Micro,minimum,37.16384921523265,6.608520287157127,WST_4852_Micro_161109.pdf,6,vector,2026-09-07
Centralloy G 4852 Micro,minimum,37.20263765055549,6.513613879948222,WST_4852_Micro_161109.pdf,6,vector,2026-09-07
Centralloy G 4852 Micro,minimum,37.241419965719324,6.419757474622836,WST_4852_Micro_161109.pdf,6,vector,2026-09-07
Centralloy G 4852 Micro,minimum,37.2801948333489,6.326945661347236,WST_4852_Micro_161109.pdf,6,vector,2026-09-07
Centralloy G 4852 Micro,minimum,37.31896092606899,6.2351729291162625,WST_4852_Micro_161109.pdf,6,vector,2026-09-07
Centralloy G 4852 Micro,minimum,37.357716916504366,6.14443366890238,WST_4852_Micro_161109.pdf,6,vector,2026-09-07
Centralloy G 4852 Micro,minimum,37.39646147727977,6.05472217677717,WST_4852_Micro_161109.pdf,6,vector,2026-09-07
Centralloy G 4852 Micro,minimum,37.43519328101999,5.966032657004714,WST_4852_Micro_161109.pdf,6,vector,2026-09-07
Centralloy G 4852 Micro,minimum,37.47391100034978,5.878359225106165,WST_4852_Micro_161109.pdf,6,vector,2026-09-07
Centralloy G 4852 Micro,minimum,37.51261330789391,5.791695910894926,WST_4852_Micro_161109.pdf,6,vector,2026-09-07
Centralloy G 4852 Micro,minimum,37.55129887627713,5.70603666148186,WST_4852_Micro_161109.pdf,6,vector,2026-09-07
Centralloy G 4852 Micro,minimum,37.58996637812421,5.621375344250063,WST_4852_Micro_161109.pdf,6,vector,2026-09-07
Centralloy G 4852 Micro,minimum,37.62861448605992,5.537705749798515,WST_4852_Micro_161109.pdf,6,vector,2026-09-07
Centralloy G 4852 Micro,minimum,37.66724187270901,5.455021594854324,WST_4852_Micro_161109.pdf,6,vector,2026-09-07
Centralloy G 4852 Micro,minimum,37.70584721069626,5.373316525152857,WST_4852_Micro_161109.pdf,6,vector,2026-09-07
Centralloy G 4852 Micro,minimum,37.744429172646434,5.292584118285512,WST_4852_Micro_161109.pdf,6,vector,2026-09-07
Centralloy G 4852 Micro,minimum,37.782986431184284,5.212817886514593,WST_4852_Micro_161109.pdf,6,vector,2026-09-07
Centralloy G 4852 Micro,minimum,37.82151765893458,5.1340112795548905,WST_4852_Micro_161109.pdf,6,vector,2026-09-07
Centralloy G 4852 Micro,minimum,37.86002152852208,5.056157687321623,WST_4852_Micro_161109.pdf,6,vector,2026-09-07
Centralloy G 4852 Micro,minimum,37.898496712571564,4.979250442644358,WST_4852_Micro_161109.pdf,6,vector,2026-09-07
Centralloy G 4852 Micro,minimum,37.936941883707775,4.903282823946599,WST_4852_Micro_161109.pdf,6,vector,2026-09-07
Centralloy G 4852 Micro,minimum,37.97535571455549,4.828248057890686,WST_4852_Micro_161109.pdf,6,vector,2026-09-07
Centralloy G 4852 Micro,minimum,38.013736877739476,4.754139321987759,WST_4852_Micro_161109.pdf,6,vector,2026-09-07
Centralloy G 4852 Micro,minimum,38.052084045884484,4.680949747172471,WST_4852_Micro_161109.pdf,6,vector,2026-09-07
Centralloy G 4852 Micro,minimum,38.09039589161529,4.608672420342262,WST_4852_Micro_161109.pdf,6,vector,2026-09-07
Centralloy G 4852 Micro,minimum,38.128671087556654,4.537300386860879,WST_4852_Micro_161109.pdf,6,vector,2026-09-07
Centralloy G 4852 Micro,minimum,38.16690830633333,4.466826653026035,WST_4852_Micro_161109.pdf,6,vector,2026-09-07
Centralloy G 4852 Micro,minimum,38.2051062205701,4.397244188500934,WST_4852_Micro_161109.pdf,6,vector,2026-09-07
Centralloy G 4852 Micro,minimum,38.24326350289172,4.328545928709498,WST_4852_Micro_161109.pdf,6,vector,2026-09-07
Centralloy G 4852 Micro,minimum,38.28137882592295,4.260724777195252,WST_4852_Micro_161109.pdf,6,vector,2026-09-07
Centralloy G 4852 Micro,minimum,38.319450862288555,4.193773607943579,WST_4852_Micro_161109.pdf,6,vector,2026-09-07
Centralloy G 4852 Micro,minimum,38.3574782846133,4.127685267667333,WST_4852_Micro_161109.pdf,6,vector,2026-09-07
Centralloy G 4852 Micro,minimum,38.39545976552195,4.062452578055747,WST_4852_Micro_161109.pdf,6,vector,2026-09-07
Centralloy G 4852 Micro,minimum,38.43339397763927,3.9980683379864077,WST_4852_Micro_161109.pdf,6,vector,2026-09-07
Centralloy G 4852 Micro,minimum,38.471279593590026,3.9345253257004216,WST_4852_Micro_161109.pdf,6,vector,2026-09-07
Centralloy G 4852 Micro,minimum,38.50911528599897,3.8718163009406252,WST_4852_Micro_161109.pdf,6,vector,2026-09-07
Centralloy G 4852 Micro,minimum,38.54689972749088,3.8099340070528256,WST_4852_Micro_161109.pdf,6,vector,2026-09-07
Centralloy G 4852 Micro,minimum,38.58463159069051,3.7488711730500737,WST_4852_Micro_161109.pdf,6,vector,2026-09-07
Centralloy G 4852 Micro,minimum,38.62230954822264,3.6886205156400242,WST_4852_Micro_161109.pdf,6,vector,2026-09-07
Centralloy G 4852 Micro,minimum,38.65993227271201,3.629174741215295,WST_4852_Micro_161109.pdf,6,vector,2026-09-07
Centralloy G 4852 Micro,minimum,38.697498436783405,3.5705265478070007,WST_4852_Micro_161109.pdf,6,vector,2026-09-07
Centralloy G 4852 Micro,minimum,38.73500671306157,3.512668627001413,WST_4852_Micro_161109.pdf,6,vector,2026-09-07
Centralloy G 4852 Micro,minimum,38.77245577417129,3.455593665819858,WST_4852_Micro_161109.pdf,6,vector,2026-09-07
Centralloy G 4852 Micro,minimum,38.80984429273731,3.3992943485619316,WST_4852_Micro_161109.pdf,6,vector,2026-09-07
Centralloy G 4852 Micro,minimum,38.847170941384405,3.343763358612146,WST_4852_Micro_161109.pdf,6,vector,2026-09-07
Centralloy G 4852 Micro,minimum,38.88443439273734,3.2889933802100657,WST_4852_Micro_161109.pdf,6,vector,2026-09-07
Centralloy G 4852 Micro,minimum,38.92163331942087,3.2349771001841394,WST_4852_Micro_161109.pdf,6,vector,2026-09-07
Centralloy G 4852 Micro,minimum,38.958766394059765,3.1817072096492622,WST_4852_Micro_161109.pdf,6,vector,2026-09-07
Centralloy G 4852 Micro,minimum,38.99583228927879,3.1291764056683324,WST_4852_Micro_161109.pdf,6,vector,2026-09-07
Centralloy G 4852 Micro,minimum,39.03282967770271,3.0773773928778816,WST_4852_Micro_161109.pdf,6,vector,2026-09-07
Centralloy G 4852 Micro,minimum,39.069757231956274,3.026302885077952,WST_4852_Micro_161109.pdf,6,vector,2026-09-07
Centralloy G 4852 Micro,minimum,39.10661362466426,2.975945606786492,WST_4852_Micro_161109.pdf,6,vector,2026-09-07
Centralloy G 4852 Micro,minimum,39.14339752845144,2.9262982947583596,WST_4852_Micro_161109.pdf,6,vector,2026-09-07
Centralloy G 4852 Micro,minimum,39.18010761594256,2.8773536994691935,WST_4852_Micro_161109.pdf,6,vector,2026-09-07
Centralloy G 4852 Micro,minimum,39.216742559762395,2.829104586564383,WST_4852_Micro_161109.pdf,6,vector,2026-09-07
Centralloy G 4852 Micro,minimum,39.2533010325357,2.7815437382733315,WST_4852_Micro_161109.pdf,6,vector,2026-09-07
Centralloy G 4852 Micro,minimum,39.289781706887254,2.7346639547892577,WST_4852_Micro_161109.pdf,6,vector,2026-09-07
