feed_per_tube_fraction,steam_to_carbon,inlet_T,excess_air,specific_firing_factor,inlet_P,catalyst_activity,H2_net_kmol_h,Q_comb_W,fuel_MJ_per_kmol_H2,T_wo_max_K,sigma_hot_MPa,log10_t_r_hot,life_rate_per_kmol_H2_rel_base,CH4_slip_dry_pct,T_out_K,rank,H2_net_kmol_h_phys,T_wo_max_K_phys,T_out_K_phys,CH4_slip_dry_pct_phys,sigma_hot_MPa_phys,converged_phys,fuel_MJ_per_kmol_H2_phys,life_rate_per_kmol_H2_rel_base_phys,feasible_phys,disc_H2_net_kmol_h,disc_fuel_MJ_per_kmol_H2,disc_life_rate_per_kmol_H2_rel_base
1.0999995115815846,3.9999,800.3147831055417,19.961052394550492,1.1499183469206449,30.06,0.2,17.180954535443746,277011348.01930374,172.74818594365124,1119.3296121381718,12.657651051324946,8.69497034677515,0.11237039870484188,7.2054563501597775,1075.1070005577405,0,17.174708963333455,1119.322565569374,1075.0985380664015,7.211822017367836,12.656304372647577,True,172.81100571279762,0.1122883903228638,True,0.00624557211029142,-0.06281976914638676,8.200838197808258e-05
0.600021552035732,4.0,849.2835611812824,19.997947500143958,0.850000193771584,30.06,0.2,9.235405414080049,111692481.50318556,129.57797793459486,1095.6860043690308,12.988451288809218,9.309552435744578,0.050776312324631895,7.638202744011719,1067.4246801333209,0,9.234300227495897,1095.6924171409037,1067.4480343665205,7.639913079426066,12.987445249528719,True,129.59348618527838,0.050780354363319125,True,0.0011051865841515962,-0.015508250683524238,-4.042038687229743e-06
1.0999997008884506,4.0,899.9983012022158,5.000001828636477,1.149995865731599,30.06,0.2,19.263227561587534,277030069.70854145,154.08525434359692,1177.0292920294203,12.629673329128673,7.148648986378618,3.5260747575552767,3.892443448808288,1124.4278438518502,0,19.261434869350204,1177.1340395422576,1124.4942624595394,3.8935681533152513,12.6319974564488,True,154.09959530216113,3.5519291900325887,True,0.0017926922373305842,-0.014340958564218909,-0.025854432477312006
1.0999932446935945,4.0,899.9985777007134,5.000001828636477,1.149995865731599,30.06,0.2,19.263134671885528,277028443.74436206,154.08509299335603,1177.0294612253454,12.629679130487268,7.148643527027772,3.5261360862502484,3.892413699854328,1124.4284398062323,0,19.26145468888877,1177.1341965025647,1124.4984142947553,3.8933682186998713,12.632003002751508,True,154.0985322865176,3.5519672103650493,True,0.0016799829967588664,-0.0134392931615821,-0.02583112411480082
0.6000159566297388,4.0,899.9999978397593,5.000104191664988,0.8500091483976413,30.06,0.2,9.866694610123456,111692616.58539666,121.28748821761023,1127.5023441084018,12.98621090182992,8.399402911067849,0.3864514665951764,5.718687852668216,1092.3543411758164,0,9.865466377644323,1127.5348852080836,1092.3683740353167,5.716920289677922,12.986339387798553,True,121.30258828755512,0.3873286944886718,True,0.0012282324791339505,-0.01510006994489288,-0.0008772278934954247
0.6005432419119069,4.0,849.2835611812824,19.99286516366251,0.8500110735158248,30.06,0.2,9.242850361455718,111791023.61584334,129.58783497215072,1095.6836915290653,12.988214947175479,9.309669008826646,0.05072179638759496,7.640042455700231,1067.4026893129592,0,9.241754980063398,1095.690033902008,1067.4259698179023,7.641731692661565,12.987212809871306,True,129.60319440370952,0.05072562639683293,False,0.0010953813923197941,-0.015359431558806591,-3.830009237967835e-06
1.0996330895691953,4.0,899.9981973489919,5.177096381592378,1.0941434687708134,30.06,0.2,18.896897217974125,263487573.1272955,149.3938982725889,1168.2473716921281,12.634123944161534,7.3741066888401114,2.1388107951038458,4.438161055971751,1113.6633680896273,0,18.897324246661935,1168.3172045512956,1113.701189767538,4.439558717330993,12.633333869674855,True,149.39052237240782,2.1469429837364107,True,-0.00042702868780963854,0.00337590018108358,-0.00813218863256493
1.0999988194226027,4.0,810.7359312695206,19.739569824477087,1.1142899970871254,30.06,0.2,17.08856958760328,268428433.0077133,168.30074105026432,1117.625836797181,12.656289462579062,8.743506230687295,0.10103168942571167,7.363481439495979,1072.7243533239682,0,17.08515125696473,1117.6156076232048,1072.710317493208,7.366247109448778,12.652921906250425,True,168.33441400820132,0.10082396657080683,True,0.003418330638552902,-0.03367295793700009,0.00020772285490483489
0.852317954018277,3.9979,897.5181965444394,19.613888536178468,0.8619729951078007,30.06,0.2,13.144242969609975,160891596.84241349,131.1477991986965,1105.3320215549913,12.838151490435509,9.058624998953945,0.06357831003804182,7.582222079939538,1067.8540978703531,0,13.14430175292321,1105.351499481647,1067.8768101445805,7.581169470231838,12.839453694112459,True,131.14721268582537,0.06369982863050246,True,-5.8783313235721835e-05,0.0005865128711377565,-0.00012151859246063712
1.0356160457753396,4.0,899.9841113997398,16.38499293142419,0.8953435876630305,30.06,0.2,15.975788482144017,203061020.0746215,136.1844386551255,1114.2982485361451,12.697178478141415,8.82978292386749,0.08859808428044953,7.576133055573778,1067.355629891849,0,15.977130014050692,1114.322970348415,1067.3765673114806,7.575165443102673,12.697488383319287,True,136.17300382487198,0.08874761851429773,True,-0.0013415319066751863,0.011434830253506334,-0.00014953423384819753
1.0999995195282095,4.0,852.3621756210943,19.844119558208583,1.1066223185258304,30.06,0.2,17.514809075134075,266581486.62341586,163.07515551952704,1125.9730174960223,12.642331701941005,8.511320322435733,0.16824564336190861,6.646087834044555,1081.6091927545654,0,17.515425848334903,1125.96874865903,1081.5971224679954,6.644326010727587,12.638308038540485,True,163.06941313070269,0.1678763582863077,True,-0.0006167732008286464,0.005742388824359068,0.0003692850756009114
1.0995805139130646,4.0,899.3279741968538,5.407564018888379,1.1022423979406362,30.06,0.2,18.92729408988219,265425236.1017018,150.25083891392515,1168.7961217875163,12.633632383565178,7.359961324116107,2.206072103506293,4.390182337724047,1114.638042510456,0,18.927602417859145,1168.8691321977676,1114.6732006541017,4.391342396246905,12.633650330182974,True,150.24839134892588,2.2156951650579297,True,-0.00030832797695623526,0.0024475649992723447,-0.009623061551636614
0.948726109638957,3.9998,899.9534152453501,8.306917347843234,0.8500175725164976,30.06,0.2,14.831450320095469,176606556.24830258,127.58112401836941,1121.0382222864148,12.775760709699966,8.622669071227516,0.15375061604400014,7.192301395477112,1071.6451140586682,0,14.830824344344968,1121.0730907466025,1071.677002904084,7.1920136885504,12.777819334405496,True,127.58650893076558,0.15425357715835197,True,0.0006259757505002739,-0.0053849123961668965,-0.0005029611143518298
0.8585651639983676,3.9968,896.4297651265939,18.242402645326194,0.8649858878296264,30.06,0.2,13.28816257213196,162637372.85972264,131.13500615159248,1107.6934173372179,12.834718505634369,8.991069790806662,0.073474194498176,7.476674583196353,1069.1359534220976,0,13.288224871145717,1107.7109141525264,1069.1545363415748,7.475923735983886,12.835182860717843,True,131.1343913530297,0.073575379796368,True,-6.229901375753855e-05,0.0006147985627649177,-0.0001011852981920025
0.9111277931080762,3.9994,899.9232720809573,15.49900158218795,0.8507424871795056,30.06,0.2,14.033590138789172,169752227.7013515,129.60146692624522,1109.5715887949752,12.798710555509421,8.94435113669131,0.07747286771426944,7.622379713989006,1066.86987443957,0,14.033616703137536,1109.5815654845849,1066.8986399337518,7.621326206113286,12.802318452148768,True,129.6012216025636,0.0776558768556356,True,-2.6564348363677937e-05,0.00024532368161089835,-0.00018300914136616664
1.099969975240971,3.9946,899.5777891231735,6.608226176738951,1.042034830267952,30.06,0.2,18.454770828284257,251015842.15424594,145.73225951582702,1156.8853731340876,12.63796440656923,7.671262262409783,1.104838089658347,5.129164675733621,1101.8239048443195,0,18.45629194636683,1156.9211649894016,1101.8414189333887,5.130167774083359,12.643355046640702,True,145.72024865385066,1.1098882076000738,True,-0.0015211180825716042,0.01201086197636414,-0.005050117941726828
1.0999428879496624,4.0,899.8775728352178,5.8246680911039865,1.0354824819012836,30.06,0.2,18.463387801156973,249431303.98668775,144.74473946936,1157.5285566427237,12.637968130985417,7.654241190197322,1.1484629134052848,5.1189447759429525,1101.6601414754605,0,18.465080095447252,1157.5857892525019,1101.68532068649,5.120282491563458,12.641823229645802,True,144.73147385150804,1.1543956725708902,True,-0.0016922942902795057,0.013265617851971001,-0.005932759165605317
1.034969871618325,3.9999,890.6023101745211,13.258831522572127,0.8859529136993697,30.06,0.2,15.942125788432202,200805874.34799823,134.95637529297113,1116.0795397562272,12.703588481390119,8.777733036895913,0.10008990769787955,7.621416341217934,1066.6223305069575,0,15.94261061252427,1116.1102460569196,1066.6362432958892,7.620855198656167,12.70558544073866,True,134.9522711908444,0.10038274146468727,True,-0.0004848240920676261,0.004104102126717635,-0.0002928337668077208
0.6408998200748075,3.9996,899.9999839972597,5.240533416804721,0.8508697582276823,30.06,0.2,10.491099352841024,119423914.64594282,121.96452436498923,1127.2226956051,12.966792591343362,8.411055335960999,0.35382883402687576,5.850550722929612,1090.3956785083112,0,10.490083609913956,1127.2491440309611,1090.4255488753586,5.848665476729196,12.967503721308667,True,121.97633405188819,0.3545791706027597,True,0.0010157429270680751,-0.011809686898956784,-0.0007503365758839142
1.0999993546668978,4.0,899.2037083759092,5.126757179686877,1.1472764003472051,30.06,0.2,19.230748503888556,276374872.81305337,153.9804522413502,1176.1462842487963,12.630086960640897,7.171172743957488,3.3535178700695965,3.9411184843714913,1123.4739325346852,0,19.22931126521285,1176.2459012065476,1123.5325428489307,3.942047481101052,12.632409639748477,True,153.99196106026795,3.377054732810497,True,0.0014372386757059985,-0.011508818917747021,-0.0235368627409005
1.099993538776511,4.0,897.446011288304,6.510886870060164,1.149524465096458,30.06,0.2,19.139189315256917,276914959.6437364,155.01941839395317,1172.7348473657019,12.629674791030707,7.258903739802864,2.753228643217477,4.0784520379466205,1121.0441892075603,0,19.138778369817995,1172.7977506843522,1121.0681992062928,4.078217162262563,12.634026428293309,True,155.02274695138263,2.769006253858891,True,0.0004109454389222833,-0.003328557429455259,-0.01577761064141381
1.099999698727765,4.0,899.999561161814,6.510886870060164,1.1106742980780253,30.06,0.2,18.92614393101008,267557638.06151798,151.46714458477413,1167.628507896352,12.631599944444362,7.390680358091551,2.055545339640507,4.402645140166305,1114.6068215061855,0,18.92658053057939,1167.693364780753,1114.6314362202622,4.403298706155315,12.633730436414766,True,151.46365053100234,2.0654824098934155,True,-0.0004365995693085267,0.0034940537717886855,-0.009937070252908686
1.0999997008884506,4.0,804.4332493332599,19.77761067228768,1.149302799600032,30.06,0.2,17.23674293339421,276863112.448553,172.0969270112609,1120.6027556058061,12.65634140826778,8.659274180529444,0.12160184714893503,7.111075338748226,1076.265394305344,0,17.23136097006292,1120.5989791594411,1076.2583675840626,7.116231973890849,12.654705055798713,True,172.15067896690803,0.12151631807371877,True,0.005381963331291928,-0.053751955647129535,8.552907521626463e-05
1.0999948311528598,3.9998,854.5535877213306,19.04100120236207,1.1282692655457391,30.06,0.2,17.727280981257383,271795002.8035157,164.27162850472297,1131.033727108931,12.640606501223234,8.370854554517358,0.22970628295717596,6.29457638726947,1086.5450438959085,0,17.728038411368672,1131.0323486314562,1086.530912595842,6.292925722643272,12.636731221607802,True,164.26461000245143,0.2292609765312638,True,-0.0007574301112889259,0.007018502271534999,0.00044530642591217307
1.099999720806026,4.0,898.25299883602,5.665166739179237,0.9793340689910115,30.06,0.2,18.044194357821876,235918231.01070186,140.0835793570248,1148.2042642574436,12.64313517938918,7.9018199214184754,0.6645262475251487,5.786841209726844,1090.8997292869822,0,18.046590379011207,1148.2635951404584,1090.9241476892769,5.788529146312701,12.643187170905348,True,140.06498065126556,0.6668981181074072,True,-0.002396021189330355,0.018598705759245604,-0.0023718705822585173
1.0999436308914767,4.0,899.9985226280528,5.105096764308287,1.0167925752892262,30.06,0.2,18.374020861855694,244929367.39681524,142.82356822379802,1156.090077106793,12.639981616882226,7.691933820580594,1.0581117361993755,5.259545349629217,1099.1778226926967,0,18.37603205317742,1156.1612116049523,1099.208056537744,5.261372675993714,12.641597668214303,True,142.80793669245773,1.0633849472444552,True,-0.002011191321724226,0.01563153134028994,-0.005273211045079718
1.0999997008884506,4.0,898.2551196559825,13.697540050391716,1.1497566016309013,30.06,0.2,18.6913049889963,276972431.8052497,158.76696523271036,1155.9420647660145,12.625679441966764,7.698697947506066,1.0240755223387865,4.760451459025836,1109.4455316651167,0,18.693500816992074,1155.9568209230515,1109.42428640986,4.758464442620641,12.624356465189615,True,158.74831570577183,1.0242584930907561,True,-0.0021958279957736693,0.018649526938531835,-0.00018297075196960222
0.93351347929619,3.9826,899.8362822221704,7.651579408956832,0.850001198125276,30.06,0.2,14.634845254088907,173771358.48859474,127.21938301918048,1122.557173110262,12.789921803688017,8.577065271638407,0.17306775131300853,7.09761453078207,1073.4641623422576,0,14.634181620968125,1122.5943815253058,1073.4928639678828,7.0973575640938495,12.790620034170146,True,127.22515218334446,0.1735491623301161,True,0.0006636331207818813,-0.005769164163979212,-0.0004814110171075803
0.7462090159348904,3.9998,896.125914397511,5.4180188621224215,0.8503703458182215,30.06,0.2,12.027883460469502,138965394.3652771,123.788607074669,1125.6068155899407,12.911686394174266,8.467120340794782,0.2712439154469645,6.29894269902516,1083.9114208676026,0,12.027212088458773,1125.6418670361302,1083.9360311226715,6.297784320244218,12.910667461884762,True,123.79551708884567,0.27174313381134935,True,0.0006713720107285326,-0.0069100141766682555,-0.0004992183643848236
1.099910744681567,4.0,899.9676113936903,7.176195789208926,1.0100256790268982,30.06,0.2,18.20190766764296,243292054.1454173,143.21029574077735,1150.489923267872,12.638921663552674,7.841347285456447,0.7571908630147924,5.531887118980565,1095.1034396688785,0,18.203778471565116,1150.5338841519158,1095.1217120503836,5.533049475189067,12.643166065140084,True,143.19557800602885,0.7606480741262639,True,-0.0018708039221557726,0.014717734748501243,-0.0034572111114714588
1.0999988046660576,4.0,899.9580300973607,5.189775253678857,1.12211058677386,30.06,0.2,19.07969793003206,270312381.17165077,151.79507005838147,1172.4408983154374,12.631660101720575,7.266091451712409,2.716480618547574,4.169046375070565,1118.8546274571981,0,19.079256988155272,1172.528845886092,1118.9032312412712,4.170324362118285,12.632588439504762,True,151.7985782035425,2.7319044480613477,True,0.0004409418767892248,-0.003508145161021048,-0.015423829513773857
1.0999542951788557,4.0,853.5751318699774,19.2876021741674,1.1469924337126565,30.06,0.2,17.813240892589857,276295147.8481724,166.18565781298074,1132.6153535254869,12.639713366840363,8.327283856554835,0.25272183110723906,6.152633426787093,1088.7287033072257,0,17.8137571366911,1132.630854660994,1088.7171624736927,6.151083979363429,12.636988864068053,True,166.18084173937544,0.25264257996588235,True,-0.0005162441012416252,0.004816073605297788,7.925114135670652e-05
1.0999998314872843,3.9998,804.4332493332599,19.720097025575402,1.132034409228613,30.06,0.2,17.131235409169808,272703248.66342896,170.55515563284618,1118.5333635549537,12.65742778747283,8.717550257156041,0.10698690325851246,7.2902869695009,1073.844707290494,0,17.126426800525742,1118.525226512243,1073.834170576261,7.29478732932916,12.654938178810305,True,170.60304262090378,0.10683462682220342,True,0.004808608644065515,-0.0478869880575985,0.0001522764363090373
1.098322878214878,4.0,898.604877797486,5.645062027405078,1.0918086042471016,30.06,0.2,18.819083510359185,262612024.56757247,149.51313976980634,1166.5065756278332,12.635669994543688,7.419070643985638,1.9364239424294694,4.52318717616934,1112.2106824187138,0,18.81965756695425,1166.569714861194,1112.2374712949236,4.524191068809921,12.635341494457137,True,149.50857916589374,1.943420672645367,True,-0.0005740565950631549,0.004560603912608485,-0.006996730215897751
1.0997873408946102,3.9999,899.5536084200264,5.062364428512328,1.1251280103214611,30.06,0.2,19.099066359070626,270987162.9997739,152.01967649609105,1173.1094911828482,12.631882022856805,7.248821214598426,2.823814766278588,4.134093131910408,1119.5362096600825,0,19.09847787584786,1173.2002860605905,1119.5872784383803,4.135365326535443,12.632789270750697,True,152.02436069290138,2.840304722544106,True,0.0005884832227671666,-0.004684196810330832,-0.016489956265517858
1.0996747384137275,3.9995,886.9647628629099,11.372571040955915,1.144282875910219,30.06,0.2,18.682094400322345,275572396.2101875,158.04231178252425,1158.0917534125429,12.63155805935864,7.6406230752320745,1.1711726440873018,4.766676951204434,1109.2476512689395,0,18.684095034672914,1158.1089824311919,1109.2151246835117,4.764528728032245,12.634365526906935,True,158.0253891069968,1.1737779698535329,True,-0.002000634350569186,0.016922675527439424,-0.0026053257662310703
1.0999999360973247,4.0,899.9955066977118,5.071067506603958,1.1497566016309013,30.06,0.2,19.25731631816049,276972491.029242,154.1005171673996,1176.8212831029794,12.62964434497745,7.1539764905906225,3.4841536777280835,3.901298162206855,1124.2600651263992,0,19.255689191424693,1176.9242252254412,1124.3276157503021,3.9022221037456077,12.63205583257471,True,154.1135388291532,3.509443360988524,True,0.0016271267357979013,-0.01302166175361208,-0.025289683260440565
0.6275780440026291,3.9996,899.9999933667129,5.240533416804721,0.8508697582276823,30.06,0.2,10.2883436002159,116941563.11650956,121.7829971268812,1127.2714436204487,12.973226776670586,8.408415114551325,0.3630019705880752,5.807310554884014,1091.0418156449691,0,10.28726293602745,1127.2997715215013,1091.0686096445368,5.805437270082378,12.973790423688326,True,121.79579027940152,0.3637937879741022,True,0.0010806641884499868,-0.012793152520316653,-0.0007918173860270161
1.0999428879496624,4.0,899.4562334309925,5.686112936763712,1.0387791774391644,30.06,0.2,18.49016689025919,250225425.64613956,144.99526798559435,1158.2687782661244,12.63797119441358,7.634675760725209,1.1996455997444482,5.076935256208188,1102.3596485132132,0,18.491783460576116,1158.3269945910952,1102.384291100612,5.078308754109009,12.641816314294744,True,144.9825923533699,1.205907784762591,True,-0.0016165703169264134,0.012675632224443234,-0.006262185018142796
1.0999997008884506,4.0,804.4332493332599,19.70989575808341,1.139541199394639,30.06,0.2,17.179847375285604,274511576.35529363,171.2003253987394,1119.5149188378687,12.65695049205161,8.689874074975258,0.11370411464831984,7.207652653616399,1074.946361454833,0,17.174794569206327,1119.508651463789,1074.9372946894496,7.212435705482381,12.65479176377896,True,171.25069235023122,0.11357555322805098,True,0.005052806079277161,-0.05036695149181014,0.00012856142026886064
1.0999997008884506,4.0,899.9841304107496,5.585497832640245,0.8886697095865139,30.06,0.2,17.33953028423943,214077492.73776945,132.28082794579552,1132.6327357822536,12.650056082243399,8.324709714636807,0.26116953389021264,6.946908458228003,1074.1276381192615,0,17.342912350991973,1132.705017068994,1074.161358233209,6.947802685647736,12.65138133753731,True,132.25503166768837,0.26248372610243936,True,-0.003382066752543267,0.025796278107151238,-0.001314192212226728
1.0999995195282095,4.0,852.3621756210943,8.740469262253338,1.1066223185258304,30.06,0.2,18.24207606202667,266581486.62341586,156.5737476431172,1151.0517976273902,12.64794570745725,7.824513989231022,0.7853826549478133,5.467311726125309,1097.6735403885975,0,18.243319693611685,1151.0404651132653,1097.6490246458015,5.466021770489006,12.651799303815258,True,156.56307414392828,0.7861693347243836,True,-0.0012436315850159474,0.010673499188925462,-0.0007866797765702094
1.0999948311528598,3.9998,850.4422463551183,19.901539364052866,1.1282190057027992,30.06,0.2,17.6229513990592,271782895.43289953,165.2367715250794,1128.1676923594032,12.641707066719576,8.450224747305285,0.19247138273726622,6.466152669806456,1084.2659987436675,0,17.623147722927563,1128.179152873593,1084.2558943489385,6.46487298733079,12.638772992796024,True,165.23493076866677,0.19234631087761392,True,-0.00019632386836221372,0.0018407564126334819,0.00012507185965229817
1.0999989043011684,3.9998,803.7414150927224,19.9927958052571,1.1176004854456156,30.06,0.2,17.0117825992524,269225938.4625583,169.5626904208921,1115.895812799803,12.658394870520977,8.792225291311361,0.09071820361500697,7.494651507796487,1071.1927948612133,0,17.00715844630985,1115.8854528376833,1071.1774292703863,7.499014076371491,12.655569177936592,True,169.60879358482342,0.09056022026278983,True,0.004624152942547255,-0.04610316393132052,0.00015798335221714477
1.099969975240971,3.9999,885.3853305859832,14.551854307790027,1.1433409360554523,30.06,0.2,18.457972899643703,275419476.9666039,159.87253765857946,1150.2004132873803,12.630446718927326,7.850790783040921,0.7306254064724119,5.122959534442046,1103.5966548095319,0,18.46035410776483,1150.2132970615908,1103.5669197120094,5.1206173931646575,12.629633115598883,True,159.851915638937,0.7308386620213162,True,-0.002381208121125411,0.020622019642473788,-0.00021325554890427867
1.0999983612727162,4.0,897.4920653957331,6.556935379525311,1.078574774254148,30.06,0.2,18.688185429049483,259824656.69286212,148.96232799018807,1162.1049683060107,12.634916073083847,7.534283751206345,1.4956110711565869,4.769379052976264,1107.9403370339205,0,18.689344849434356,1162.1567198342436,1107.9540778286932,4.769919893231363,12.635139859964411,True,148.95308689794854,1.5003543447544034,True,-0.0011594203848730444,0.00924109223953451,-0.004743273597816566
1.0980588928735158,4.0,899.9999839972597,5.6665648378981786,0.8833533560908399,30.06,0.2,17.26397559187512,212421348.77801436,131.83191846568067,1131.497868338507,12.652155330724874,8.35566231094218,0.2442679192140135,7.023250939080896,1073.1155490651827,0,17.267197523932722,1131.5669381300536,1073.1529987606707,7.023890192803896,12.653171774449573,True,131.8073195993197,0.2454159321993817,True,-0.0032219320576025723,0.02459886636097508,-0.0011480129853682075
0.8822459160258787,4.0,899.8246601847636,9.161278623367046,0.8531188500158189,30.06,0.2,13.901025090535299,164830379.9880663,127.04385281549175,1120.5538847322946,12.822970045342089,8.626748757360748,0.16250771081116838,6.961126211437297,1074.90557417522,0,13.900601373399674,1120.584204737459,1074.9290500982765,6.960735746412306,12.824072322141497,True,127.04772535711551,0.16291647754166355,True,0.0004237171356251679,-0.0038725416237639365,-0.0004087667304951692
1.0999401352615057,4.0,898.6974032059376,5.834637265133419,1.1499999549172433,30.06,0.2,19.19672061540722,277016053.38578403,154.61125902082384,1174.71763357369,12.629658277560436,7.207900985107443,3.0870348174786626,3.9905584139940267,1122.6376967108943,0,19.19572742627398,1174.7999323500226,1122.6796697450434,3.9908542966927403,12.63312887638922,True,154.6192586250548,3.1071008889715217,True,0.00099318913323998,-0.007999604230974455,-0.020066071492859106
1.0999401352615057,4.0,899.8952483625437,6.295605174830258,1.1499999549172433,30.06,0.2,19.180081431872374,277016053.38578403,154.74538801941745,1173.8730089176292,12.628918901339027,7.2297519536781465,2.938103948283222,4.015509291153068,1122.190711778748,0,19.179221474137986,1173.9446155732223,1122.2279612451903,4.015715979559851,12.633060921637428,True,154.75232649152738,2.956227606057173,True,0.0008599577343879616,-0.006938472109936811,-0.018123657773950974
1.099969975240971,3.9999,884.8435597720071,13.607150746094641,1.1459571702663545,30.06,0.2,18.52906117610877,276049701.8061647,159.62359605721556,1152.607223793365,12.63085834350542,7.786371433693823,0.8441987568395533,5.011899141075788,1105.3641996360038,0,18.531390321822375,1152.613795498828,1105.3305997803957,5.009509764185605,12.629117434000392,True,159.60353352504228,0.8437596528459501,True,-0.0023291457136060956,0.020062532173284353,0.00043910399360314045
0.9750011337889404,3.9848,899.9698308108473,9.13397109084051,0.8500166139389039,30.06,0.2,15.142830625288347,181497480.29927883,128.41825339457543,1119.8102108043445,12.757139928825989,8.661088595439313,0.13783956599178787,7.372672673602145,1069.8369465484895,0,15.142298645673513,1119.8339249054482,1069.8693261569708,7.372446351271594,12.755755582910446,True,128.42276498786632,0.13796763074769003,True,0.0005319796148341993,-0.004511593290885685,-0.0001280647559021575
1.0999998645529132,4.0,899.9983012022158,6.263513912066294,1.1358942158256484,30.06,0.2,19.098586756090846,273633071.2032626,153.50784553806056,1171.928284412644,12.629886975823924,7.279659913357065,2.6303189389493484,4.140163071781163,1119.6613065763577,0,19.09819656405242,1172.0007391517715,1119.6961950282519,4.140679337313616,12.633161147226708,True,153.51098183100655,2.645622561749437,True,0.0003901920384272728,-0.0031362929459817224,-0.015303622800088679
1.0999948311528598,3.9998,850.4422463551183,19.901539364052866,1.143279779570313,30.06,0.2,17.714694784085122,275410968.2702501,166.57536801292017,1130.05672936992,12.640800479154942,8.397902472015442,0.21598988394894358,6.314838259317227,1086.4886972138274,0,17.714798957283513,1130.0769785944924,1086.4815838109494,6.3135841342415775,12.638570331288253,True,166.574388454027,0.21604293206429664,True,-0.00010417319839106653,0.0009795588931638122,-5.304811535306042e-05
0.8100189738615173,4.0,899.2428376204447,5.692037802613252,0.8509726570704015,30.06,0.2,12.977751830824648,150955472.86139557,124.62713784759757,1125.867831615873,12.872909320840819,8.467615744903025,0.2511044141592735,6.475573608430383,1081.3428270393406,0,12.977117152672331,1125.9051804497544,1081.3666490775302,6.474756521166894,12.873092901408068,True,124.63323304737476,0.2517416024020857,True,0.0006346781523163258,-0.006095199777192306,-0.0006371882428122255
0.911155576052268,3.9852,899.4224517901868,6.015910672447597,0.8500113459716132,30.06,0.2,14.387448299263887,169611511.81214416,126.30913836751975,1125.2354805020332,12.807054524218364,8.498540888500006,0.21093317639735468,6.890035468446477,1076.0426399739592,0,14.386672272316956,1125.2666739599533,1076.070661353873,6.889663371617511,12.805183557164964,True,126.31595156887457,0.2111848683930043,True,0.000776026946931907,-0.006813201354816556,-0.00025169199564961664
1.0993512808721095,3.9998,890.0096656297858,11.262846554869881,1.1446548319667156,30.06,0.2,18.71971573374398,275580889.66549253,157.72955269564864,1159.089620634142,12.630713532908937,7.614446034557854,1.2414358224798852,4.700285064089755,1110.3296864548668,0,18.721595448654796,1159.1096791083282,1110.3004460020734,4.698288273353201,12.63344739653121,True,157.7137160863761,1.244374304740585,True,-0.0018797149108173983,0.015836609272525948,-0.002938482260699926
1.0130939468357174,3.9993,888.3613773650029,6.945146027901051,0.8500204660953202,30.06,0.2,15.637529937864628,188589351.92600942,129.21479333603537,1120.3471945711058,12.730090521213313,8.651436039817185,0.13647885277176552,7.565647685042639,1066.7450375109893,0,15.636495064199597,1120.378188498815,1066.7775189044617,7.565204542517176,12.732813174538569,True,129.22334518772635,0.13693767182215533,True,0.0010348736650307444,-0.008551851690981493,-0.00045881905038980264
0.6079058810071791,4.0,886.3174588209192,18.709529806730217,0.8500110735158248,30.06,0.2,9.61040827554135,113161577.64681393,126.15962194582163,1105.9519392353102,12.980623200769038,9.0116026071594,0.09690029784933371,6.86201207275613,1077.0127097101824,0,9.60823804128997,1105.9643248027915,1077.0401557491791,6.863243651777126,12.980053700532482,True,126.18811790226142,0.0969762776678931,True,0.0021702342513787443,-0.028495956439797965,-7.597981855939073e-05
1.0787910222826944,3.9992,899.8346661624969,6.762790426373148,0.8531811476584431,30.06,0.2,16.686666163951614,201565703.78164867,129.4226491558357,1123.7934762142152,12.670874252486147,8.566537352232231,0.1555115419146056,7.502542751637783,1067.0596656792397,0,16.68765168992375,1123.8380708792838,1067.1103810963139,7.502574571825334,12.670739440899277,True,129.41500581664718,0.1559410696626239,True,-0.0009855259721369691,0.007643339188518894,-0.00042952774801829907
1.0229376908380254,3.9999,890.6023101745211,13.258831522572127,0.8813651098447248,30.06,0.2,15.74819513421767,197443617.88482526,134.3307799052975,1115.403655280521,12.713926527250134,8.794847525855236,0.09740724133003863,7.637438039348267,1066.4416571237055,0,15.7485678261829,1115.4327641596403,1066.4562147571253,7.636835351618982,12.715171169477214,True,134.32760094941364,0.0976482474627331,True,-0.00037269196522871084,0.003178955883868184,-0.00024100613269446847
0.9168486698322562,3.9999,884.4137725011203,14.700512809056502,0.8755483156967943,30.06,0.2,14.167918163648682,175798773.71962458,132.94531123745884,1111.6193624563293,12.797426072231534,8.885840951682408,0.08780567095742704,7.525543375285407,1068.2645615647136,0,14.168020123377156,1111.6260935635044,1068.2721814083316,7.52513872558034,12.796337049025588,True,132.94435450054587,0.0877990216040533,True,-0.00010195972847348855,0.0009567369129683811,6.649353373744393e-06
1.0999542951788557,4.0,899.9983012022158,5.394909544849641,1.1475814665157689,30.06,0.2,19.22329300513485,276437037.97808075,154.07481986134513,1175.7208938248448,12.62963142734844,7.182163505000407,3.2709828461153245,3.9511016064436775,1123.302330070826,0,19.221907976319024,1175.8153461818213,1123.3582138640338,3.9519665585939,12.632373199712584,True,154.08592167629317,3.2935633374418987,True,0.001385028815825251,-0.011101814948034416,-0.022580491326574137
1.0999842111720457,4.0,899.8403057564111,5.47107309661279,0.9389978346174868,30.06,0.2,17.758828871177904,226198180.60695457,136.47025671877904,1141.968136541635,12.646037182533934,8.069769242257284,0.45865485249711446,6.24941566327712,1083.901120440521,0,17.762033407094783,1142.0362127980159,1083.9269791294003,6.251131959604622,12.650425259287411,True,136.44563544771069,0.46146441517536424,True,-0.003204535916879081,0.0246212710683551,-0.0028095626782497773
0.7986357695156203,4.0,891.7991376518962,12.338825351942535,0.8603254256054499,30.06,0.2,12.598432422789305,150469882.13233766,127.96650047068499,1115.669123142554,12.877265036106962,8.754023254107423,0.1337610878926962,6.9235798361426575,1075.8566265217569,0,12.598282420109399,1115.67123463172,1075.8683700687634,6.9231698112783375,12.875723963172877,True,127.96802411631927,0.13368498150937763,True,0.00015000267990572524,-0.0015236456342790916,7.610638331856379e-05
1.0999997008884506,4.0,899.9977946031737,5.0023478206971435,1.1325088654128759,30.06,0.2,19.156440048420563,272817511.1579877,152.5880985725223,1174.446821070592,12.630987611026654,7.214597534989444,3.0461916082875304,4.053019853920157,1121.1299827260523,0,19.155461084581948,1174.543354869767,1121.1870456918523,4.054376662046315,12.63226984783591,True,152.5958967784776,3.065560933757335,True,0.0009789638386159538,-0.007798205955282356,-0.019369325469804632
0.7986357695156203,4.0,891.7991376518962,19.914279539814753,0.8603254256054499,30.06,0.2,12.348674224951177,150469882.13233766,130.55468783063912,1104.0597734797996,12.874248952467227,9.088118631756714,0.06323107886546812,7.506611956640564,1068.837451515266,0,12.348501132115263,1104.075104174408,1068.8569196794717,7.505734753442662,12.874369074074442,True,130.55651785688414,0.06330037634780865,True,0.00017309283591337987,-0.0018300262450168248,-6.929748234052457e-05
1.0999960465940972,4.0,899.2119617026416,5.1719463997334945,1.0865656282306757,30.06,0.2,18.844445213758824,261749072.94501626,148.82127444827674,1166.9087167200319,12.63467267262935,7.408797484745794,1.9801072605136074,4.528214415085768,1112.0054468870826,0,18.845141573474773,1166.9718813917168,1112.0391263871534,4.529542140593416,12.633407986176913,True,148.81577525157408,1.986404826781563,True,-0.0006963597159490575,0.005499196702658082,-0.006297566267955634
1.0999981839128137,3.9998,899.9935467109635,6.41190050061582,0.9700748996422294,30.06,0.2,17.950478252734072,233687402.24861813,139.4833920449752,1145.4749827421601,12.642660353246532,7.975448322414977,0.5638261453814413,5.937791965416148,1088.6715149337704,0,17.952969728910006,1145.5332612682143,1088.6949622027419,5.939426621340478,12.643297302805058,True,139.46403482700705,0.565960710728842,True,-0.0024914761759333715,0.019357217968149598,-0.002134565347400752
0.6000159566297388,4.0,888.5856288293744,5.000104191664988,0.8500091483976413,30.06,0.2,9.797420911048034,111692616.58539666,122.14506420997431,1124.8285515435812,12.98749491569914,8.473689846656196,0.3279955444071271,5.921101738322812,1089.4507148529556,0,9.796668197113714,1124.8526128944502,1089.4650980465829,5.920008639380285,12.98739893005695,True,122.15444906306817,0.32851448897133345,True,0.0007527139343199707,-0.009384853093862944,-0.0005189445642063695
1.0999996220229444,3.92,884.1095085110853,14.946144600586255,1.1002443721707775,30.06,0.2,18.089257961805476,265045086.1160426,156.98647151866405,1144.9536224520978,12.648714880094957,7.988322384075502,0.5431583008243143,5.650496667459527,1097.7042117250514,0,18.09076887950192,1144.9456580274045,1097.6815142627854,5.649173996193424,12.646246890750959,True,156.97336021093028,0.5422263884673096,True,-0.0015109176964429594,0.013111307733765898,0.0009319123570046273
1.0999728094850236,3.9999,899.4146290390383,5.0715983160352565,1.0706603592630661,30.06,0.2,18.746346823557296,257912112.35781845,147.40707013401217,1164.7092137203297,12.635948667607423,7.465896276690064,1.7452459260295172,4.67876939585013,1109.2281742837151,0,18.74738619747677,1164.769210647046,1109.260401229937,4.6802247017253995,12.640871141652195,True,147.39889773799763,1.7553724236525952,True,-0.0010393739194753948,0.008172396014543892,-0.010126497623077935
0.7393842565242974,4.0,899.9033743419312,8.152440653666302,0.8523394954668957,30.06,0.2,11.891883938058028,138013279.9933033,124.34646368197244,1122.8353144630707,12.913419111740215,8.544343869208568,0.22965453507701675,6.361313650574896,1083.1664746108022,0,11.89133473623457,1122.8589008478627,1083.1908933462637,6.360537230510685,12.914645579071985,True,124.35220662892577,0.23014593404528205,True,0.0005492018234569684,-0.005742946953333217,-0.0004913989682653053
1.099994485686676,4.0,899.8092888379177,18.388194480411848,0.993196473269483,30.06,0.2,17.415841595862542,239256498.16093844,147.1914214530274,1124.605599488159,12.633249916875972,8.551439201432153,0.15427156661619879,6.813918291698708,1077.7529538382266,0,17.418744853051688,1124.619111901257,1077.7621218414504,6.812417314353554,12.63634502035235,True,147.16688842518187,0.1546050222329598,True,-0.002903257189146302,0.02453302784553557,-0.00033345561676101365
1.0999400985441898,4.0,899.9867681023728,5.182573715077598,1.1497325344077147,30.06,0.2,19.24921855696497,276951626.9433744,154.1537310372481,1176.546428350091,12.629629507962392,7.1610143556838715,3.4295891609966125,3.9118556622434855,1124.0667467161838,0,19.247592909619065,1176.646629386329,1124.128987824886,3.9128138156336956,12.632196242264651,True,154.16675082652245,3.4541760897766114,True,0.001625647345903758,-0.013019789274352433,-0.024586928779998907
1.099910744681567,4.0,889.0168311078891,7.176195789208926,0.9691468749045453,30.06,0.2,17.770108205090157,233445286.45183027,140.75319456871543,1141.1624965304698,12.64617770393853,8.091647461002989,0.4358449555696516,6.230214790404329,1084.7026916066889,0,17.771852983341596,1141.2071657711601,1084.7156724041042,6.230881036234095,12.647608227604781,True,140.73937591328686,0.43731283408449634,True,-0.0017447782514388166,0.013818655428565307,-0.001467878514844756
1.0371096561805293,3.9991,895.2306536851746,6.195829252724451,0.8515853928026531,30.06,0.2,16.087694635461993,193415353.766052,128.8131959697417,1123.5566159549749,12.708740805263016,8.565476214504724,0.16169609378480307,7.420979841895965,1068.3034069233086,0,16.08708120418143,1123.5996793101513,1068.3448610797213,7.420898741117132,12.711948549719983,True,128.8181078641217,0.16239640393432217,True,0.0006134312805627928,-0.004911894380001058,-0.0007003101495191011
0.6207797391717285,3.9999,893.1205319941964,6.744236348153334,0.8500819362601669,30.06,0.2,10.104095429149211,115567677.89183284,122.54685527786026,1123.4445676313865,12.976768996633174,8.514558907213075,0.28947643176739335,6.0144621389132205,1088.1291170602149,0,10.103129438913895,1123.467938617626,1088.1556256999443,6.0135209457119245,12.975604635356092,True,122.55857234694098,0.2897853960483094,True,0.0009659902353167382,-0.011717069080717124,-0.00030896428091603534
0.7744779299368183,4.0,899.638431977359,8.591561950540513,0.8574972066370005,30.06,0.2,12.420537388316443,145438646.92031038,125.45924288824537,1122.9524098011361,12.89250297914788,8.545264199054177,0.21941432171525446,6.444704683265318,1082.0129603772575,0,12.4201650610708,1122.9754311369452,1082.0317172034363,6.4441432311550475,12.891349174994218,True,125.46300386035125,0.21963003203632808,True,0.000372327245642623,-0.0037609721058800005,-0.00021571032107361998
1.099994440023019,4.0,896.2858811178926,5.4147445489238315,0.993196473269483,30.06,0.2,18.140706174943624,239256488.22877356,141.30995503474017,1150.6267761720062,12.64294942823003,7.836880943655025,0.7675990426348663,5.63199943823609,1093.3226378431293,0,18.14284625963218,1150.6878990807497,1093.3458962859077,5.6335661765685785,12.643447330667314,True,141.29328646649114,0.7705810298637995,True,-0.0021400846885555325,0.016668568249031068,-0.0029819872289331695
1.0999993546668978,4.0,899.2037083759092,5.009498472829355,1.1472764003472051,30.06,0.2,19.23808453025539,276374872.81305337,153.9217351348814,1176.430226819845,12.630166009615948,7.163884877946018,3.4089674195503945,3.930124271027214,1123.674043869663,0,19.236541671962488,1176.5325268594274,1123.7348146780298,3.9311730565791283,12.632320711981787,True,153.93408035937964,3.433185573672585,True,0.001542858292900462,-0.012345224498233165,-0.024218154122190416
1.0999983167817668,4.0,899.8734311481804,5.877652738984591,1.0793039703394747,30.06,0.2,18.760423172274436,260000306.8051075,148.4890584466564,1164.3129454501466,12.634469289105246,7.476543119612931,1.7017031672493874,4.6576688198257745,1109.7501109885015,0,18.76138981884817,1164.3701318582764,1109.7756178445622,4.658743688734969,12.633813838196327,True,148.48140781730697,1.7069747965886677,True,-0.000966646573733243,0.007650629349427618,-0.0052716293392802704
1.0999930171276322,3.9999,894.7313034384962,5.008141948697004,1.112649896206837,30.06,0.2,18.97611902777592,268031924.80591947,151.3360355042603,1170.2719322166565,12.63446808897198,7.321561463388388,2.40381310203485,4.326316149457222,1115.9226689416294,0,18.976351822700046,1170.3496809311494,1115.9532370319505,4.327118183121948,12.634430260769046,True,151.33417896928287,2.414902601967436,True,-0.00023279492412697778,0.001856534977434876,-0.011089499932586122
0.6970880126948458,4.0,897.3980586133931,6.312596202704231,0.8509809210264002,30.06,0.2,11.291928276902459,129910873.54634488,123.26523711765905,1124.879603567807,12.938022934883408,8.482158010619738,0.27908946013224273,6.154403075981918,1086.0284007655976,0,11.291194554269412,1124.9130881660374,1086.0575409850776,6.1531453600685,12.937265474820263,True,123.27324711995831,0.2796120329771051,True,0.0007337226330470514,-0.00801000229925819,-0.0005225728448623457
0.6830472313684076,4.0,898.9587566418433,8.82599216175439,0.8503769375803557,30.06,0.2,11.02669992930783,127203855.26716445,123.59984927753446,1121.5821494384472,12.94417115176518,8.57336314400849,0.23166523016862003,6.252939501842118,1084.7620169676718,0,11.02593115479682,1121.6082439432842,1084.7917252975417,6.2521165518412305,12.944959309575257,True,123.6084671813065,0.23215766965886112,True,0.000768774511008985,-0.008617903772034197,-0.0004924394902410811
1.0999513407361754,4.0,841.6172491646263,19.30274104215067,1.1476262162026984,30.06,0.2,17.680763263806046,276447075.0494342,167.52291192210802,1129.9334729254642,12.643836342110315,8.40070687925419,0.21501148995282507,6.36944046875356,1085.8063843728726,0,17.68030551142277,1129.94643484456,1085.796070412877,6.368785129462136,12.641239061549362,True,167.52724917816596,0.21493418242180895,True,0.0004577523832764996,-0.004337256057937111,7.730753101611865e-05
1.0999941231657575,4.0,894.9367147771914,6.839245338477913,1.1475625792621051,30.06,0.2,19.080639506887373,276442497.5701859,155.22980251624062,1171.0992653993455,12.630538918741365,7.300938742185391,2.506905069387338,4.166849606568066,1119.4276630809343,0,19.080735771049955,1171.1507189491717,1119.4383849771687,4.166194309167097,12.635163875712358,True,155.22901936683138,2.5198310420377696,True,-9.626416258257109e-05,0.0007831494092442881,-0.012925972650431827
1.0999405147937722,4.0,899.8745318373684,5.832148208433834,1.1304908940649554,30.06,0.2,19.09014994087702,272316735.822539,152.83689868442727,1172.1385467168961,12.630673934941399,7.274081323160175,2.665501274393948,4.151515542959903,1119.3446518115436,0,19.089725322773457,1172.2188899009886,1119.384691871684,4.152330869909967,12.63301755019618,True,152.8402982783437,2.6811407193492656,True,0.000424618103561869,-0.0033995939164412903,-0.01563944495531766
1.0999955266258414,4.0,897.4256611751151,6.548708150231067,1.0214138430694746,30.06,0.2,18.29354098282649,246054166.6255954,144.1106806436206,1153.104786780941,12.639369534063357,7.771410833661367,0.8850360189189451,5.388564770320421,1097.3803220082787,0,18.29527575743302,1153.1512102821732,1097.3977670643817,5.3896001322324905,12.643347045522587,True,144.09701593844616,0.8890948075894685,True,-0.0017347746065325964,0.013664705174448954,-0.004058788670523339
1.0258057388216038,4.0,897.10199813852,12.652841231192824,0.8813651098447248,30.06,0.2,15.890154273245773,197997197.8097971,133.50396172892462,1118.0175826504287,12.709879911417758,8.721431248442489,0.11431683580864768,7.4572471307470405,1068.5354115820498,0,15.890694789880271,1118.0497323180052,1068.5546960921565,7.456897533290749,12.710666632915043,True,133.49942063660362,0.11459538934705785,True,-0.000540516634497834,0.004541092321005635,-0.0002785535384101645
0.8438299572966436,4.0,898.3621941481726,5.088600315533345,0.8500103286308964,30.06,0.2,13.46936353116017,157078667.1708612,124.9491645090996,1126.3417641947517,12.852023914063148,8.458588616565141,0.2470209946738418,6.584559202970329,1079.7495763456575,0,13.468616158316182,1126.3801233196873,1079.7740579861693,6.583829638910521,12.852159106166457,True,124.95609793205378,0.24765956905383688,True,0.0007473728439872929,-0.006933422954176649,-0.0006385743799950661
1.0999428879496624,4.0,899.8775728352178,5.8246680911039865,1.0621605893065278,30.06,0.2,18.647850259136018,255857636.86464116,147.00524647374212,1161.7675415690064,12.635881482907003,7.542949924046045,1.4692336279303484,4.830699349489438,1106.6411314246357,0,18.649120680957218,1161.8121460861005,1106.665668795742,4.8318787508410805,12.634106578953281,True,146.99523213171784,1.4719119006670776,True,-0.001270421821200074,0.010014342024277312,-0.0026782727367291592
0.7962017437956423,4.0,899.3339578449809,5.867444089565319,0.850367155810627,30.06,0.2,12.768905168016301,148274909.4365425,124.41628495622697,1125.5277747901373,12.881343652333328,8.475416460539215,0.2506683111747627,6.446785519335017,1081.7728271156616,0,12.768260834925643,1125.5649902845958,1081.7969500637028,6.445938966885301,12.881442532048395,True,124.42256345652162,0.2512931129111109,True,0.0006443330906584777,-0.006278500294641276,-0.0006248017363482128
1.0229376908380254,4.0,897.10199813852,13.258831522572127,0.8813651098447248,30.06,0.2,15.822696808265736,197443617.88482526,133.698279131226,1116.9626926462265,12.711824602936991,8.75095440414978,0.10725922304510586,7.4994602192759405,1068.066157320093,0,15.823272216066004,1116.9960291912998,1068.0851582535665,7.499020662800425,12.713247181163513,True,133.69341723972568,0.10756131727212138,True,-0.0005754078002677687,0.00486189150032601,-0.00030209422701552024
0.6856678309829173,4.0,884.5585624969046,8.82599216175439,0.8503769375803557,30.06,0.2,10.962428633833273,127691889.41585642,124.80148626701377,1118.162461164061,12.944892188655775,8.669656732076984,0.18668354789520547,6.533186902221381,1081.0074085610004,0,10.961961762807237,1118.1816330874208,1081.0296795252018,6.532506332772843,12.945392662883872,True,124.80680157454769,0.1869681606287005,True,0.0004668710260364861,-0.005315307533919622,-0.00028461273349503213
1.0999373791845513,4.0,899.9844009994938,5.112595894908688,1.1314931319469927,30.06,0.2,19.1422493436137,272557381.5251801,152.55561699036295,1174.0299903634968,12.631050090349715,7.225298589941087,2.974253615978546,4.072789758273288,1120.7563581094387,0,19.14137963487916,1174.1240249437074,1120.8107470534017,4.074067641222354,12.632427996455855,True,152.56254851542175,2.9928473933304995,True,0.000869708734537511,-0.006931525058803345,-0.018593777351953555
1.0999488645283715,4.0,841.186434996019,18.649534337800308,1.1494969268151505,30.06,0.2,17.731324289442707,276897079.67230666,167.31713754887696,1131.554152712328,12.644135460760786,8.355729571709123,0.2377928613404542,6.286339726380213,1086.942464375284,0,17.731071559351484,1131.5592490672725,1086.9288275483816,6.285541903602549,12.640921272077248,True,167.31952240617642,0.23751693994452447,True,0.0002527300912227304,-0.0023848572994609185,0.000275921395929718
0.9615652460000381,3.985,899.9534152453501,8.084091890992767,0.8500164690457903,30.06,0.2,15.005304945739269,178996345.2302259,127.80933086962183,1121.6716219062207,12.768267884234238,8.60635466132332,0.1577865825538853,7.234252540786521,1071.5577100207504,0,15.004656090255104,1121.7059021468879,1071.5894435179464,7.23406344736204,12.770511493754132,True,127.81485780637823,0.15831015279813357,True,0.0006488554841652672,-0.005526936756396594,-0.0005235702442482615
1.0999954997432206,4.0,897.4256611751151,6.548708150231067,1.0214138430694746,30.06,0.2,18.293540604164743,246054160.6123156,144.11068010469836,1153.1047870932946,12.639369558395687,7.77141082049636,0.8850360640670704,5.388564663183729,1097.3803237992693,0,18.295275350743903,1153.1512105939128,1097.3977681325848,5.389600067435251,12.643347068622427,True,144.09701562004102,0.8890948537651289,True,-0.0017347465791601735,0.013664484657340381,-0.004058789698058507
0.88642913186713,4.0,899.799258920738,12.488072361741356,0.8531188500158189,30.06,0.2,13.83270928373954,165611931.984126,128.27664635868666,1115.106858970579,12.817942451765767,8.782065329915255,0.11420811868830513,7.241597384048576,1071.495636142476,0,13.83245205276392,1115.1299067219795,1071.5181803511232,7.241171122976834,12.817981232859442,True,128.27903181621554,0.11438497925863315,True,0.00025723097562035946,-0.002385457528873758,-0.00017686057032802183
1.0996747384137275,3.9995,802.0318791075641,19.891356432662846,1.1172255191134282,30.06,0.2,16.992329933005447,269056297.084196,169.64983916587244,1115.6974288524666,12.659378258463635,8.797669258787284,0.08969069026529503,7.519221508023161,1070.902348376109,0,16.98776601969659,1115.6847180533816,1070.8917638986834,7.523454921083101,12.656438311807682,True,169.69541709282979,0.08951553959860743,True,0.004563913308857082,-0.045577926957349746,0.00017515066668759294
0.7356391825556152,4.0,899.7010827082511,13.947314944701548,0.8500091483976413,30.06,0.2,11.655290725992133,136938800.1344139,125.88286851906776,1113.7935579293817,12.91324597227481,8.800130655541935,0.13002168524078686,6.79683180266245,1077.5763341441138,0,11.654814673259356,1113.8007301884702,1077.5983515490555,6.796344765716836,12.915129778053355,True,125.8880103325799,0.13020260271887735,True,0.00047605273277717686,-0.0051418135121394926,-0.00018091747809048653
1.0999542951788557,4.0,899.9983012022158,6.263513912066294,1.1475814665157689,30.06,0.2,19.168840065951585,276437037.97808075,154.51250032436306,1173.6246540787877,12.62906601025381,7.236111742044784,2.8970899611809298,4.032828036194643,1121.8258544388061,0,19.16803351111203,1173.6973336380172,1121.8635098067568,4.033131901710563,12.633025116429877,True,154.51900192009725,2.9149041179155577,True,0.0008065548395563837,-0.006501595734192733,-0.01781415673462794
1.0999433292591676,4.0,899.9985265732369,5.084525033151439,1.1390450904325484,30.06,0.2,19.190665807300313,274378003.6472463,153.18719810511266,1175.217937018864,12.630489495071393,7.194895835359397,3.181879138602038,3.999939895445413,1122.226840495528,0,19.189453131250968,1175.3160965600332,1122.285706209755,4.001158404209712,12.632279341035808,True,153.19687875859128,3.20316334330766,True,0.0012126760493451627,-0.009680653478625345,-0.021284204705621868
0.858624881634702,3.9969,899.9797871032193,6.461232074778689,0.8504721336919584,30.06,0.2,13.647737176868125,159919573.5205632,125.5463803120533,1124.63265907962,12.84130664037033,8.508494308179909,0.21732745716120952,6.704904192987893,1078.272581269903,0,13.647099497113125,1124.6553077751962,1078.2978694602702,6.70434407034889,12.838940775643268,True,125.55224664174888,0.21741618401206383,True,0.0006376797550000646,-0.005866329695578543,-8.872685085431486e-05
1.0999851161650067,4.0,899.7947301251731,5.211300161184676,1.1009539766729102,30.06,0.2,18.941918979592366,265212529.95762905,150.01451669369075,1169.1584436065818,12.633330665491382,7.3506243964743305,2.252273806124316,4.378473657382299,1114.8058285661973,0,18.94226465987505,1169.2330118513073,1114.8467303772482,4.3797094582705265,12.633010584768362,True,150.01177905584922,2.261952660183048,True,-0.00034568028268466833,0.002737637841534024,-0.009678854058732256
1.0999839849328217,4.0,899.9728705086126,5.461854484140359,0.9475132086111783,30.06,0.2,17.8286711090471,228249429.23832074,137.16836123254484,1143.5219254040076,12.645293950574214,8.027755805947155,0.5032627399473191,6.135234339940204,1085.570461385871,0,17.831756731902562,1143.5849859005205,1085.596601342596,6.13703892016878,12.650221141006439,True,137.1446254987734,0.5063096487220979,True,-0.003085622855461878,0.023735733771445666,-0.003046908774778867
1.0999998645529132,4.0,899.8997296559529,6.263513912066294,1.1337881592532402,30.06,0.2,19.084652663949356,273125729.3046889,153.33509869010737,1171.5986433850987,12.630079458011737,7.288130436945998,2.581397350238079,4.161271758597865,1119.2444597584795,0,19.084385884250878,1171.6708113259765,1119.279773630679,4.161736573842709,12.633227110081483,True,153.33724215396535,2.596214502822821,True,0.00026677969847810346,-0.0021434638579762577,-0.014817152584742033
1.0999930171276322,3.9999,899.1815227204123,5.137572244785173,1.0450074199764152,30.06,0.2,18.56421697284226,251737182.7091582,145.28940834946061,1160.4300390162039,12.637981919234823,7.5776921167061175,1.3623879846633375,4.962278186034985,1104.236979064606,0,18.565741076501286,1160.4969853259365,1104.2655757005923,4.963831333692527,12.641398917071774,True,145.277481213454,1.369942077080024,True,-0.0015241036590261103,0.011927136006619321,-0.007554092416686364
1.0999656169198495,4.0,885.4156786034176,14.914754236993549,1.132628264614339,30.06,0.2,18.37044303319732,272837819.7568016,159.12857132811214,1147.961479930111,12.630969261854226,7.910778316941091,0.6393984955496148,5.260784366768395,1101.3100365021335,0,18.372797523876823,1147.9722600623522,1101.28410625003,5.258640592759215,12.630011287884386,True,159.1081788572569,0.639461377323095,True,-0.0023544906795045506,0.020392470855256306,-6.288177348023893e-05
0.7677328328681063,4.0,895.2042043898921,8.597240561137214,0.8500004448262818,30.06,0.2,12.23638765912204,142911550.8777278,125.13457652955057,1120.4014438690451,12.897706717775657,8.615947251161096,0.1892644637814408,6.625103815477564,1079.5885467028234,0,12.235903712664696,1120.4165455776852,1079.6084986822234,6.624457208747586,12.896088008887235,True,125.13952577044236,0.18931522514718538,True,0.0004839464573436203,-0.004949240891789941,-5.0761365744583786e-05
1.099969975240971,4.0,899.9922844735536,5.423059611728803,1.1456631796159686,30.06,0.2,19.210110024202518,275978882.3781105,153.92502141752203,1175.3713286975833,12.629743660307179,7.191106116351111,3.206517308688404,3.9713183536063,1122.892178893947,0,19.208824906351335,1175.4645673465482,1122.9463854512542,3.9722078035518407,12.632412019257746,True,153.9353193818031,3.228310040145837,True,0.0012851178511823491,-0.01029796428107943,-0.02179273145743288
0.6269544748048899,3.9998,893.1205319941964,6.744236348153334,0.8503953367236645,30.06,0.2,10.19906812154429,116760229.95069967,122.65850652717047,1123.481027535212,12.973832529883845,8.514125085733028,0.28706746810914624,6.030154592188454,1087.9045842394257,0,10.198156627551858,1123.5054698030403,1087.932787902921,6.029099580071705,12.972714099892357,True,122.66946953704601,0.2873979698309333,True,0.0009114939924312893,-0.010963009875538887,-0.0003305017217870576
1.099984400030051,4.0,899.9483467197488,7.641109295140101,1.0396562336977162,30.06,0.2,18.38494704544797,250446146.12058374,145.95372828349096,1154.2016664158225,12.636221116364757,7.742831446986951,0.9405366575073351,5.243378971930988,1099.89354346528,0,18.38656796210052,1154.2376890566234,1099.905454975303,5.24407639268802,12.635710972789072,True,145.94086134556298,0.9423109529814496,True,-0.0016209166525520402,0.012866937927981326,-0.0017742954741145622
0.7257377606261892,3.9995,894.4333702368265,18.345905867096555,0.8589819363882041,30.06,0.2,11.40441857681139,136521740.55714384,128.2601935985586,1108.0250547517376,12.918031169965598,8.964503124018226,0.09101087384735383,7.034400769922969,1074.7726548204555,0,11.403980784189296,1108.0344324584582,1074.7923012148624,7.033859823265046,12.919303135099264,True,128.2651174376573,0.09112532497902238,True,0.00043779262209397984,-0.004923839098694316,-0.00011445113166855259
0.9579451309344911,3.9992,899.9534152453501,8.084091890992767,0.8500166139389039,30.06,0.2,14.966729068842945,178322487.5379576,127.65635510441807,1121.3853218154811,12.769030072165165,8.614259147173993,0.1553400758816837,7.209409859156832,1071.3972415995534,0,14.966082673325893,1121.4215562406469,1071.4305147777213,7.209142354789888,12.771166708976425,True,127.66186867115853,0.15586768396766137,True,0.0006463955170517011,-0.005513566740461329,-0.0005276080859776822
1.0999835680730565,4.0,896.9619949916959,9.715848098883322,1.1399309038091185,30.06,0.2,18.873327183898176,274601427.3970249,155.88974440036833,1163.629618567224,12.628676495400557,7.495559088590003,1.619056482263461,4.481476741584534,1113.8640176128545,0,18.874564995948226,1163.6648821686304,1113.8531460133745,4.480311845283133,12.62938224333078,True,155.879521001623,1.6229145334710482,True,-0.0012378120500500245,0.01022339874532463,-0.0038580512075871987
0.985248691203757,3.9999,898.9150350860596,8.82599216175439,0.8538675117695756,30.06,0.2,15.326508828246501,184235968.40872523,128.79363633949237,1120.450453220478,12.747177914508848,8.645045465250739,0.1413125886771134,7.3367081677511905,1069.7395023533472,0,15.326071794417174,1120.4787929096167,1069.7722240740177,7.336430219868658,12.745955919783011,True,128.79730898156512,0.14149596416497698,True,0.000437033829326694,-0.003672642072757526,-0.0001833754878635685
1.0999958599738682,4.0,898.25299883602,6.230279255859229,0.9793340689910115,30.06,0.2,18.011456757300788,235917402.97349817,140.33770252402053,1147.0157499419843,12.642668481119946,7.9338916235082415,0.6183424948729306,5.839565206542497,1090.178174075584,0,18.013731839114538,1147.0739284594233,1090.2002505465114,5.841100221877768,12.643570790077005,True,140.31997828133458,0.6207568923839146,True,-0.00227508181374958,0.017724242685943636,-0.0024143975109840454
1.0999988491570067,4.0,899.9580300973607,5.189775253678857,1.1141209897723579,30.06,0.2,19.02936762551844,268387727.01128605,151.11289276636137,1171.2414251677646,12.632267069829517,7.296927186699776,2.5369856703457727,4.245482646652189,1117.3551753748168,0,19.0291944991841,1171.3248827494408,1117.3997649168457,4.246830333754955,12.632714938909448,True,151.11426758131725,2.5501488785265027,True,0.0001731263343387468,-0.0013748149558807654,-0.013163208180730024
0.7962017437956423,4.0,899.3250493982154,5.094201404174212,0.8500854287706601,30.06,0.2,12.791525320860002,148225785.88908246,124.15512461600595,1126.6735689594705,12.881833499855219,8.443349269515515,0.2694002241902981,6.395715627515706,1082.4292037678965,0,12.790823539514424,1126.7137704116647,1082.4539844093154,6.394762589820704,12.881195833827439,True,124.16193651127948,0.2700314291724817,True,0.0007017813455778565,-0.0068118952735289895,-0.0006312049821836085
1.09998429404054,4.0,899.9751304748486,9.799737513941947,1.0351702535414218,30.06,0.2,18.224000004557638,249365479.852369,146.6073857413332,1148.7969368976,12.635064302765032,7.887509688285615,0.68001135080009,5.498019754859066,1096.0931059530633,0,18.225814314242108,1148.8283821915138,1096.0973961729258,5.498055092706504,12.637257890511737,True,146.59279154020837,0.6819544357166996,True,-0.001814309684469606,0.014594201124822348,-0.0019430849166095499
1.0999998066333934,4.0,897.1573051853624,9.842576599684918,1.127389581487846,30.06,0.2,18.791318500977887,271584319.2823396,154.84980429443286,1161.6185260426237,12.629401019210523,7.548143171198152,1.4406853247578446,4.608066620243221,1111.5158569801524,0,18.792736968921822,1161.6490275176782,1111.5074603743715,4.607099435809603,12.629577826197979,True,154.83811629582576,1.4433522694458876,True,-0.0014184679439352976,0.011687998607101235,-0.0026669446880429604
1.0998787970657762,4.0,898.0748362447758,6.839245338477913,1.1304103823056109,30.06,0.2,19.006981375332195,272282063.2385986,153.48611980015522,1169.3273593088875,12.630740951700444,7.346754118323826,2.2646562472998264,4.2758509231451765,1117.1750496218697,0,19.007231805513843,1169.3848212033063,1117.1948903716795,4.2758740919846066,12.634438585984492,True,153.48409754056186,2.2762053231404047,True,-0.0002504301816479426,0.0020222595933603316,-0.011549075840578293
1.0999921551669762,3.9999,899.5657940757675,5.008141948697004,1.112649896206837,30.06,0.2,19.026962088293047,268031714.77461004,150.93152334350083,1171.3619742301685,12.63267854077582,7.293732725028363,2.5560384309401707,4.24891831244604,1117.2657580584155,0,19.02678984949717,1171.4459799308695,1117.3111995679365,4.25034200804719,12.632763190841384,True,150.93288964144423,2.568960474579252,True,0.00017223879587646707,-0.0013662979434059253,-0.012922043639081338
0.9964838209351514,3.9997,894.8147797166215,7.606530229815033,0.8500074654332002,30.06,0.2,15.45637191015732,185494508.5188747,128.583937696023,1120.7902609819555,12.740814179334954,8.63675748548114,0.1428250920159518,7.42255312387982,1068.556782205797,0,15.455586746942672,1120.8227336714767,1068.5914243961397,7.422220015802796,12.743828364771932,True,128.59046992152352,0.14333592562652644,True,0.0007851632146476106,-0.006532225500507138,-0.0005108336105746347
0.9964838209351514,3.9997,894.8147797166215,6.974150259682832,0.8512251887575372,30.06,0.2,15.494998588817728,185760248.5255754,128.4471480040061,1122.1347190547247,12.741254507065115,8.59881114857708,0.15547725612817057,7.3498823040782355,1069.4284308193696,0,15.494179784503112,1122.1729355724249,1069.4628305113545,7.349604525523887,12.743498700981977,True,128.45393591278528,0.15603444241662662,True,0.0008188043146155621,-0.006787908779188001,-0.0005571862884560519
1.0999942358517223,3.9836,880.7063213109408,5.249494064561398,0.941645492167456,30.06,0.2,17.552949995743173,226838050.5355186,138.46149421598847,1138.7523234166727,12.656006053133874,8.155389972599394,0.38100394189687226,6.57930385205951,1080.179629670538,0,17.55474396521175,1138.7988540791307,1080.1905999216913,6.579729243899683,12.659685807455146,True,138.44734444008233,0.38273380779829885,True,-0.0017939694685757956,0.014149775906133755,-0.0017298659014265971
1.099999904852664,3.9999,899.4301223425073,5.579188730960575,1.1418607175883206,30.06,0.2,19.17183953727711,275070391.35676545,153.72456872520578,1174.3147330709112,12.63012336917141,7.218160512169693,3.018875894302449,4.029593649556707,1121.7584834159559,0,19.170899051272585,1174.4026512132243,1121.805678758296,4.030347140603525,12.632774508767902,True,153.73211014540996,3.038392282648786,True,0.0009404860045236774,-0.0075414202041770295,-0.019516388346337177
1.0999988325958603,4.0,810.7359312695206,19.739569824477087,1.1432803478566498,30.06,0.2,17.273446182261313,275412107.02880335,170.83122688687087,1121.3595725751168,12.654550354425735,8.638300037654925,0.12734753069693688,7.049184144215633,1076.963430880331,0,17.26923710111541,1121.35960894405,1076.956240114855,7.052810480792315,12.65252098437297,True,170.87286407628525,0.1272572734980839,True,0.004209081145901905,-0.041637189414387876,9.025719885297212e-05
0.6856678309829173,4.0,899.4753525973337,5.425828727505532,0.8503769375803557,30.06,0.2,11.155494670919689,127691889.41585642,122.64157054056211,1126.566228538226,12.944165325802556,8.433856508695005,0.31573608195469716,6.028302017559751,1087.7758289261526,0,11.15463679461792,1126.5952163908723,1087.807180777865,6.026731533019804,12.942719525214915,True,122.6510026089401,0.31613773241677867,True,0.0008578763017688118,-0.009432068377989822,-0.00040165046208151534
1.099984400030051,4.0,899.9483467197488,7.0087293250078995,1.034017479904855,30.06,0.2,18.383599655199447,249087808.5176607,145.17276259596358,1154.7012261352775,12.637118511229781,7.7293701426727175,0.9702169571150688,5.245608562576217,1099.7445243605105,0,18.385256713173984,1154.7336676620325,1099.760882392641,5.246577691852459,12.642601853829127,True,145.1596782160336,0.9744984576901259,True,-0.0016570579745369685,0.01308437992997824,-0.004281500575057051
1.0999990054801436,4.0,899.9982972570317,5.00438693114686,1.0100344656666351,30.06,0.2,18.33154710712663,243313693.44597185,142.2101699624027,1155.1882571679048,12.640557970634271,7.7157484003198356,1.0039730098441213,5.328077827849576,1098.0322949975355,0,18.33369016572203,1155.2595878593986,1098.0631992538913,5.3299869240704645,12.641597220064416,True,142.1935467553813,1.008722375971089,True,-0.002143058595397207,0.016623207021382314,-0.004749366126967747
0.9032724323523085,4.0,898.484876905975,5.892291945933887,0.8502277879635382,30.06,0.2,14.285035424037284,168186880.7021639,126.14615503194759,1124.9599908256764,12.811114919907608,8.505425211456622,0.20910432904938858,6.855606343612683,1076.0113597303696,0,14.28424715991458,1124.9891543193048,1076.03939619215,6.855145200311838,12.808906924607301,True,126.15311630103763,0.20929414332051813,True,0.0007882641227041631,-0.006961269090041355,-0.00018981427112954585
1.099999551930725,3.9982,899.5635653906328,5.47107309661279,0.9523348015494287,30.06,0.2,17.860094082287862,229414164.51532382,137.6257534924731,1144.2907002501995,12.645360970110646,8.006923708648355,0.5270624860973974,6.083218841518752,1086.4149265119336,0,17.863049389079507,1144.3492922340815,1086.4406353389202,6.08501487889563,12.650600549628804,True,137.60298434958253,0.5301826799224622,True,-0.002955306791644574,0.022769142890581406,-0.0031201938250647876
1.098403008081911,4.0,898.6203462531129,9.404674403063732,1.1473322820852847,30.06,0.2,18.932255453289095,275987232.8621574,156.18878974435864,1165.802626020982,12.629161846603873,7.43869563612191,1.8398040276573855,4.349873817986817,1116.2588168937477,0,18.933116648433863,1165.8422244143346,1116.2528759051293,4.348694827416283,12.629862457834262,True,156.18168531301262,1.8446851464190026,True,-0.0008611951447683452,0.007104431346022011,-0.00488111876161712
1.0999956738582926,4.0,899.8844319899124,5.4305608788908675,1.149057218333647,30.06,0.2,19.229400244318,276802939.3996877,154.22975972215784,1175.8234392774275,12.62950226256035,7.179559972047318,3.2896057046529146,3.943004137363048,1123.4823662267163,0,19.2279911653394,1175.9172980580067,1123.5374608776358,3.943801055859707,12.632380750479953,True,154.2410620943313,3.312402764092173,True,0.00140907897860032,-0.01130237217347485,-0.022797059439258582
1.0623165145138767,4.0,899.6371586896712,5.6742048594421775,0.8523089952032349,30.06,0.2,16.511393071892005,198284638.61976355,128.66741538257128,1125.6057136133306,12.686167260916232,8.512670095893725,0.17791630271029168,7.363077563584423,1068.7715325670827,0,16.511642156378603,1125.6576196728477,1068.8213372351536,7.363328990042205,12.69017478032229,True,128.66547438501337,0.17884413398644025,True,-0.00024908448659743954,0.0019409975579094407,-0.0009278312761485663
0.7910862201366,3.9992,899.3036258188694,10.39412077404649,0.8500548723611074,30.06,0.2,12.548269065439575,147268154.9606359,125.74428238949163,1118.5072980679868,12.882041387245145,8.67258448453866,0.16199486571425095,6.764021787260122,1077.7877308975942,0,12.547823464694181,1118.532464094582,1077.808307948804,6.7635509627186,12.88230064645659,True,125.7487478448847,0.1622858956095002,True,0.0004456007453939037,-0.00446545539307408,-0.0002910298952492618
1.0999983849094164,4.0,899.9814186032677,9.715848098883322,1.1399309038091185,30.06,0.2,18.905541312433794,274605126.29265577,155.62621207635044,1164.31222510316,12.6275568214484,7.47792451787592,1.6832782912646593,4.432577695183191,1114.6939859018257,0,18.90660596114763,1164.3498485321215,1114.6900675348998,4.431676043006465,12.628315869359254,True,155.6174486183894,1.6875810742328743,True,-0.0010646487138359362,0.008763457961038057,-0.004302782968214958
0.985248691203757,3.9999,893.4758629746726,8.82599216175439,0.8503769375803557,30.06,0.2,15.238465614531561,183482819.58037752,129.0082218495943,1118.472481604023,12.74905062333047,8.700556104718881,0.1250754900253597,7.5053421024744456,1067.672680703218,0,15.237858159432712,1118.4939469851763,1067.7044950321028,7.50477222789161,12.747475913999004,True,129.01336474443792,0.12516309758527777,True,0.0006074550988497407,-0.00514289484362962,-8.760755991807367e-05
1.099995389002942,4.0,899.9718328222461,5.8246680911039865,1.085493961637083,30.06,0.2,18.805563945194635,261490756.66413832,148.9817953191588,1165.4098663364819,12.633998866570773,7.447987898726964,1.8129895330122239,4.5879426643511065,1111.010068459343,0,18.80639170938256,1165.4712285308074,1111.0374607840508,4.5890261185679275,12.633642700184947,True,148.97523787865006,1.8193113970378347,True,-0.0008277641879246289,0.006557440508743184,-0.006321864025610857
1.0999976533615816,4.0,899.9885752768512,9.509418071132458,1.1495336821536841,30.06,0.2,18.97605596653478,276918215.8124755,156.3539277570383,1166.135826497983,12.626993154470128,7.430436698843565,1.870798037986532,4.324894085284875,1116.7255424550476,0,18.976933197069794,1166.1775736217005,1116.7217223371838,4.323729569725214,12.628022134766475,True,156.34670011713075,1.8762785035124967,True,-0.0008772305350142062,0.007227639907540606,-0.005480465525964595
0.7275730429917724,4.0,899.9963384734045,5.081726401893115,0.8510460504710629,30.06,0.2,11.796984797676853,135602509.12587804,123.15723477365212,1127.2148017714262,12.921644069819761,8.420296242894032,0.30803658110765536,6.127597604758325,1086.289916537416,0,11.796232061057541,1127.2496238070316,1086.3182232091588,6.126222697104686,12.920288485413618,True,123.16509363570803,0.3085518489535844,True,0.0007527366193116336,-0.007858862055911686,-0.000515267845929035
1.0999502122274385,4.0,896.2392447273293,5.8815819934851605,0.9909523055433475,30.06,0.2,18.095488021453207,238706280.36820906,141.33729284489286,1149.243772131093,12.64280163474962,7.873971512999887,0.7065253420442869,5.703367016446585,1092.2815929543729,0,18.097558335205175,1149.3023051032526,1092.3026470399807,5.7048027919922895,12.643858245025353,True,141.32112422503693,0.7093478302883012,True,-0.0020703137519682002,0.01616861985593232,-0.0028224882440143206
1.0999930131392308,4.0,899.1815227204123,5.79669262723368,1.0555517282479154,30.06,0.2,18.597541698582262,254277254.1418371,146.49243409022017,1160.630486019657,12.636627876469495,7.572685745769068,1.3757143590628491,4.910364203079345,1105.257676986239,0,18.59897573274722,1160.6781820834103,1105.2822855818838,4.911450303460457,12.641670144600234,True,146.48113910503324,1.3827574544682317,True,-0.0014340341649585753,0.011294985186935946,-0.007043095405382616
1.0999930171276322,3.9999,894.7313034384962,5.121417643728037,1.112649896206837,30.06,0.2,18.96908437155345,268031924.80591947,151.39215824392403,1170.0043592187271,12.634387028745772,7.328502572686887,2.3665768738014163,4.33702990073242,1115.740752165313,0,18.96935621126216,1170.0809557685684,1115.7696490538053,4.337768756771829,12.634514884107134,True,151.38998872379167,2.377509330194075,True,-0.0002718397087093649,0.0021695201323552737,-0.010932456392658718
1.0999130473615106,4.0,898.6807076255149,5.666129475122592,1.0001069560259659,30.06,0.2,18.203600559341155,240903365.27008808,141.79104164709688,1151.8026552970605,12.641377583344998,7.805753296976313,0.8217864250675321,5.529247221680034,1094.928284598248,0,18.205716855636144,1151.866129039118,1094.953335001915,5.53086773492995,12.642749351668982,True,141.77455935977582,0.8254237571463569,True,-0.0021162962949894393,0.016482287321053946,-0.003637332078824773
0.9194891701800262,3.9999,899.3678767312522,5.057054248931556,0.850007217160257,30.06,0.2,14.552431853761169,171161978.05713934,126.01868572588543,1126.4930307067743,12.799986050406808,8.4648475971733,0.22536495657242425,6.834474764953484,1076.1701916909915,0,14.551523470983042,1126.5209002234049,1076.2015664030753,6.834076022738435,12.802138274144516,True,126.02655247633695,0.2260085762897559,True,0.0009083827781264375,-0.007866750451512416,-0.0006436197173316505
1.0283213257887007,4.0,896.6092313722675,13.80585763069469,0.8817940965835239,30.06,0.2,15.864650934838167,198579354.50861213,134.11173998738883,1115.8815789268306,12.707077259678583,8.78264909220555,0.09944660104051467,7.5752678289103486,1067.1554705268372,0,15.8653442865706,1115.915812733692,1067.1749055855198,7.574680550501725,12.709405674260394,True,134.1058789984572,0.09977492147624795,True,-0.0006933517324334559,0.005860988931630118,-0.00032832043573327585
1.0999911215501461,4.0,896.8409501763537,19.350595905295144,1.1469907116837104,30.06,0.2,18.29446438343315,276303983.35733104,161.81943125738778,1142.368318874042,12.624488420433053,8.063227332629673,0.451983442497019,5.380068837183881,1099.759621188396,0,18.297102995629007,1142.3938923211144,1099.7605401888407,5.377603462670874,12.621607722615678,True,161.7960953924181,0.45203843387551784,True,-0.002638612195855927,0.023335864969681097,-5.499137849884761e-05
1.0615063630403347,4.0,898.1661697741977,8.793269683481432,0.8551575669475785,30.06,0.2,16.352118762476998,198795619.30582452,130.25547911739446,1120.1404410395335,12.684345515010817,8.666600300319764,0.1260361777968661,7.622712219976058,1065.8409575398503,0,16.35263125001604,1120.1918713818445,1065.885047665407,7.622271346265613,12.686419196234896,True,130.25139694193788,0.1265776747960984,True,-0.0005124875390407624,0.0040821754565740775,-0.0005414969992323104
1.0999992741937261,4.0,899.5373763716008,5.592083374106542,1.118060067308816,30.06,0.2,19.024908635219667,269336740.64975333,151.68276747115158,1170.7870424688927,12.631842452542386,7.308753137823068,2.469413622212136,4.2521798894684615,1117.3238526998953,0,19.024824654884505,1170.8667770555405,1117.3622905276186,4.253192309630672,12.633097108899598,True,151.68343703683124,2.482578155969346,True,8.398033516243686e-05,-0.0006695656796580352,-0.013164533757210162
1.0999826968834696,3.9999,899.5624530159124,5.00713260384255,1.1251280103214611,30.06,0.2,19.10545931793485,271035298.63766277,151.99580287162476,1173.2400590703999,12.631739122529295,7.245487278779269,2.8446235116392518,4.129545205847819,1119.614568336609,0,19.10483694418855,1173.331845295807,1119.666158678621,4.130887237983165,12.63257361671917,True,152.00075440288003,2.861310871405645,True,0.0006223737463031398,-0.004951531255272812,-0.01668735976639324
1.0724377332440977,4.0,896.7857803571865,6.79306214606014,0.8523089952032349,30.06,0.2,16.556737234896467,200173795.1667008,129.5375534141192,1122.8450654093301,12.677387656661892,8.591838398453145,0.14786194081479628,7.559675440397482,1066.3966770724965,0,16.557153806584203,1122.883411739206,1066.4441384508893,7.5595435226407455,12.676857299752731,True,129.5342942985803,0.14818862577612987,True,-0.00041657168773667763,0.003259115538895685,-0.0003266849613335898
1.0999993546668978,3.9999,890.333010501962,19.134119108479407,1.1472764003472051,30.06,0.2,18.237888718622145,276374872.81305337,162.36305623166132,1141.4000666475713,12.626840019892526,8.089071405464562,0.4271924713187726,5.4701236884033175,1098.4303776860688,0,18.24034107888197,1141.4208554256643,1098.4258603424942,5.467545439237236,12.623788186018258,True,162.34122699584583,0.4270874880020629,True,-0.0024523602598236494,0.021829235815488346,0.00010498331670966143
1.0999841635262304,3.9201,884.1696947428977,14.946144600586255,1.103630408201107,30.06,0.2,18.111145115447076,265857034.36278263,157.2770913798298,1145.4268058574226,12.648468453857971,7.9755867499634014,0.5586462615729022,5.614898599238674,1098.2666441492338,0,18.11266038339975,1145.4211423973852,1098.2442548263643,5.613578977521452,12.646172327231813,True,157.26393390151284,0.5578121753402845,True,-0.0015152679526728718,0.013157478316969673,0.0008340862326177145
1.0885395103164828,3.9754,899.328829529503,6.0854346916049185,0.850335041024092,30.06,0.2,16.799825465106405,202708676.60444513,129.2798358182832,1124.8277949538801,12.667643919065629,8.538205167550878,0.16487682654368438,7.55144675265716,1067.152962970563,0,16.800825349229363,1124.8696308195626,1067.2037642621667,7.551747499971557,12.673576127632606,True,129.27214185964922,0.16577257324266742,True,-0.00099988412295815,0.007693958633979037,-0.0008957466989830409
1.0593579006125822,3.9999,898.1036337418084,8.55197696025067,0.8551575669475785,30.06,0.2,16.334816450104825,198393261.92601845,130.12953641427924,1120.5750258205442,12.68644212491384,8.65390678434736,0.1299117742238619,7.59450287003485,1066.1840514053542,0,16.33523873338267,1120.6253874314948,1066.2278182771342,7.5941231911444556,12.688065745262618,True,130.12617242749712,0.13043358230983096,True,-0.00042228327784599173,0.0033639867821193548,-0.0005218080859690499
0.6113200320503367,3.9894,897.1439685222957,5.088600315533345,0.8500103286308964,30.06,0.2,10.015264083857696,113797021.56693862,121.73955597117711,1126.9333214146263,12.981887666117478,8.416099240148142,0.36635988304703687,5.818055725900804,1091.2675602952102,0,10.014275230505598,1126.9619660569135,1091.2875244936172,5.816343005324351,12.982104606226962,True,121.7515770675854,0.36710606399843354,True,0.0009888533520978626,-0.012021096408290077,-0.0007461809513966688
0.7712479040769944,4.0,899.7010827082511,13.947314944701548,0.8500091483976413,30.06,0.2,12.159889322535339,143567342.65238872,126.49963232541423,1113.3838254359096,12.892318195817689,8.816062569363918,0.12013716126443902,6.939515949851689,1075.6666829379828,0,12.159513471838567,1113.3903938359172,1075.6881255539145,6.93897183092204,12.891419098625084,True,126.50354243045757,0.12014226201274038,True,0.0003758506967717068,-0.0039101050433458795,-5.100748301359315e-06
0.6464961235879297,3.9997,899.8779302484173,5.2428155683834055,0.8508697582276823,30.06,0.2,10.575236453436302,120466717.98610586,122.05068333446265,1127.1684986946095,12.96405846849975,8.413109378027016,0.34935751722444225,5.871109026950707,1090.087647096394,0,10.574251449032927,1127.1939624919912,1090.1184211955215,5.869230452794846,12.964832819781314,True,122.06205250428982,0.35008525568512255,True,0.0009850044033754557,-0.011369169827176506,-0.000727738460680305
1.0999948311528598,3.9999,899.5863187283238,6.627239821351498,1.1288503108894647,30.06,0.2,19.02808062066704,271934974.0192967,153.12048889392764,1169.9435824485458,12.63034767390985,7.330868342977279,2.3464225912868426,4.246830325456122,1117.6504344123127,0,19.028167235811427,1170.007457362905,1117.6779038953284,4.247138350301736,12.63370268611758,True,153.11979189809566,2.358935213151641,True,-8.661514438657036e-05,0.0006969958319871239,-0.012512621864798401
1.0999728094850236,4.0,896.4991048102814,9.40069851657527,1.0706603592630661,30.06,0.2,18.449431944934663,257912112.35781845,149.77935739291473,1154.2507478897733,12.633991996461413,7.7419690079049275,0.9391123468767424,5.140732957435461,1102.0331181811407,0,18.451052837162806,1154.2756808523357,1102.0273013831873,5.140361894580306,12.637637608977037,True,149.76619954233152,0.9420354052681224,True,-0.0016208922281428784,0.013157850583212394,-0.0029230583913799624
1.0999436308914767,4.0,899.9985226280528,5.105096764308287,1.0100344656666351,30.06,0.2,18.324848809684763,243301444.89336,142.2549906064324,1154.9703320691485,12.640525245342157,7.7215429403307105,0.9910286656232494,5.337246809664819,1097.8995356082385,0,18.326972670327528,1155.0408237169759,1097.9297872505438,5.33911392635925,12.641714552071884,True,142.23850508090558,0.9957367487030143,True,-0.002123860642765152,0.016485525526803713,-0.004708083079764891
0.9325218144100926,3.9699,899.8872033848271,18.03322082108241,0.8921086325622559,30.06,0.2,14.491321153578971,182185918.7497658,134.70076095322364,1113.0323532942834,12.78311731083231,8.848334943229332,0.09358939345147055,7.338999185309558,1071.73650796943,0,14.491814321843645,1113.035676311974,1071.7474877236157,7.338559242082058,12.786686100114581,True,134.69617697643136,0.09376394689314996,True,-0.0004931682646738267,0.004583976792275735,-0.00017455344167940923
1.0999930171276322,3.9999,899.1815227204123,5.79669262723368,1.0506876094625692,30.06,0.2,18.56399228145905,253105512.6091802,146.08090419559056,1159.8624584458867,12.637026404639357,7.592824782155116,1.3157500519623724,4.9626451998425845,1104.352505499829,0,18.565555693195808,1159.9127258847982,1104.3786591790922,4.963672447338905,12.6417678123338,True,146.0686026731417,1.3225088226952588,True,-0.0015634117367575584,0.012301522448865398,-0.006758770732886443
1.0371096561805293,3.9998,899.9999551967968,5.085353350355127,0.85262444639745,30.06,0.2,16.205566090898472,193651347.61977246,128.0322980213567,1126.8896094169688,12.707971508729678,8.472389479374705,0.1988913389368191,7.208281441222244,1070.8208689175979,0,16.205178403537513,1126.9442300846947,1070.867360669659,7.2085964541503165,12.709812747850144,True,128.03536102396617,0.19976662449413396,True,0.0003876873609591769,-0.0030630026094797813,-0.0008752855573148643
1.0999935398242762,4.0,852.5751142603135,19.605413797618052,1.07723756584029,30.06,0.2,17.34483450646368,259501390.71680334,160.29971588130144,1122.6843777999231,12.644171425845167,8.603132341714389,0.13752037724209476,6.93077063590835,1077.5634594634328,0,17.345492893348982,1122.688099058727,1077.5454654860157,6.92904887677348,12.645457454924125,True,160.29363134791268,0.13763150713960098,True,-0.0006583868853020647,0.006084533388758473,-0.0001111298975062236
1.0999997008884506,4.0,899.9983012022158,6.469200522320627,1.0941434687708134,30.06,0.2,18.82277756102243,263575418.36195412,150.03217938675826,1165.2461899545901,12.63287158121851,7.452481155405543,1.792687919117135,4.561370639076464,1111.626030156061,0,18.823653558612705,1165.3073550715599,1111.6500916528548,4.5619969584254,12.633960332081502,True,150.02519732946544,1.8000939821713438,True,-0.0008759975902741246,0.006982057292816535,-0.007406063054208767
0.9325218144100926,3.9699,899.8872033848271,18.03322082108241,0.8895810514984525,30.06,0.2,14.473458861332105,181669737.57909277,134.48488662664843,1112.5997397692865,12.78326024693378,8.860673802596281,0.09108008422140172,7.3751265523698,1071.2680245492754,0,14.473955902969326,1112.6052151894153,1071.279697781575,7.37464404065616,12.786720294601777,True,134.4802683599715,0.09125826849349736,True,-0.000497041637220974,0.0046182666769425396,-0.0001781842720956356
1.09999118040835,4.0,899.3279741968538,6.096706418690121,1.1022423979406362,30.06,0.2,18.89073939011503,265524365.9517592,150.59780679629515,1167.1813801869896,12.6327728942425,7.402076573308008,2.0060605026397926,4.456797712522951,1113.5206170513316,0,18.891283699349206,1167.248290713206,1113.5464760284199,4.457617503829662,12.633798699978255,True,150.59346766412233,2.0149934366580573,True,-0.0005443092341756994,0.004339132172816562,-0.008932934018264671
1.0980624618472574,4.0,899.9983012022158,18.640535539057833,1.1468052965186686,30.06,0.2,18.34814130360971,275774940.9955465,161.03710243855994,1144.7190303801083,12.625350179273731,7.99934745650712,0.5220715468306898,5.244420720095107,1101.8092334910748,0,18.350774690105588,1144.7319508223575,1101.808112619944,5.2421769109277765,12.621732627132852,True,161.01399317270833,0.5215446828899992,True,-0.002633386495876522,0.0231092658516161,0.0005268639406905695
1.0999993546668978,4.0,896.8327076988667,19.134119108479407,1.1472764003472051,30.06,0.2,18.310162591559415,276374872.81305337,161.72217678358896,1142.8872484553226,12.624528499492397,8.049133140548381,0.4664920166736062,5.3554616458164945,1100.132489252521,0,18.31282544102628,1142.9096390494735,1100.1323274634217,5.352978950308043,12.621451920001709,True,161.6986609250659,0.46641278971289724,True,-0.00266284946686568,0.023515858523069255,7.922696070894464e-05
1.0999983612727162,4.0,899.8416587022497,6.495308644334633,1.078574774254148,30.06,0.2,18.717464907235424,259824656.69286212,148.7293082273873,1162.780746536472,12.634093485247764,7.5167235840583615,1.5548874045851118,4.723997753420248,1108.6719540964007,0,18.718619763752212,1162.8354412320018,1108.6928308739966,4.724694716849143,12.634284199573596,True,148.72013228316644,1.5600670924562363,True,-0.0011548565167878166,0.00917594422085699,-0.00517968787112455
0.7503093376353533,4.0,899.9963384734045,5.067062504590111,0.8510460504710629,30.06,0.2,12.133331332135745,139840019.89073154,123.48512427352978,1127.1803241529524,12.908825758162664,8.423821819708316,0.2970760769333642,6.205008217547642,1085.1623993922153,0,12.132619741463582,1127.2181039072925,1085.1890601385317,6.203784688732185,12.907668284165577,True,123.4923668035403,0.29765503886502526,True,0.000711590672162643,-0.0072425300105294355,-0.0005789619316610706
0.847550294770856,3.9999,898.4807651417573,5.057054248931556,0.8500103588645478,30.06,0.2,13.524709020684323,157771212.37163198,124.98648542113943,1126.4158894082268,12.849604594048612,8.457007521533544,0.24690739954087443,6.593269401500965,1079.62246106306,0,13.52398270604797,1126.4542831050762,1079.6480440446035,6.592490738239631,12.849785148162898,True,124.99319790485676,0.24755091758560974,True,0.000726314636352754,-0.0067124837173224705,-0.0006435180447353084
1.0999922977136833,4.0,801.1666195809416,19.946806491922988,1.149333676077838,30.06,0.2,17.187950182961004,276868687.10312194,172.58894675542888,1119.479548439364,12.65738824870591,8.690784462785249,0.1134125219969359,7.193484713339657,1075.244598084162,0,17.181882718360626,1119.473305668406,1075.2363226432856,7.199600149675754,12.655987365130926,True,172.64989335493837,0.11333161878675778,True,0.006067464600377548,-0.060946599509492216,8.090321017811819e-05
1.0999428879496624,4.0,898.7818216545338,5.786506137206008,1.07160544352315,30.06,0.2,18.70199790240775,258132752.42129505,147.88302704817792,1163.080346117561,12.63558254137536,7.508579278610139,1.5856315355341728,4.746661252944633,1108.1606386644326,0,18.703155789702176,1163.1308933784003,1108.1847849137378,4.7476445681508235,12.634299838815624,True,147.87387180828122,1.5894484579732706,True,-0.0011578872944255636,0.00915523989669964,-0.003816922439097814
0.6054295846541405,3.9999,899.9854862019699,5.000531811926375,0.8538360005301449,30.06,0.2,9.971151639877604,113207751.98244442,121.64494570125638,1128.3270411152732,12.983585176644686,8.37700512224459,0.4026420364479043,5.673544395115686,1093.0277980637843,0,9.969999598958562,1128.3584538680486,1093.0428383760045,5.671631961307677,12.98387422762176,True,121.65900186581803,0.40355177170838463,True,0.0011520409190417524,-0.014056164561651485,-0.0009097352604803266
1.0996305242136846,4.0,899.0989409039712,11.979480810324283,1.1469855212078461,30.06,0.2,18.788962402382776,276212155.8776041,157.50821639071276,1159.7755734544708,12.626620269043071,7.597172810011575,1.287045646114675,4.600741853307718,1112.0142464401986,0,18.790707851951336,1159.7922282871564,1111.9966632082514,4.5991322105559185,12.630475589499442,True,157.49358561413374,1.2904923677515237,True,-0.0017454495685598204,0.01463077657902545,-0.00344672163684856
1.0999997412370064,3.9999,899.5244561957072,6.9398164233786686,1.1090708270479166,30.06,0.2,18.884220095437968,267171377.7016687,151.5842571685846,1166.2823961570843,12.631627942230587,7.42570530730605,1.9004882828611385,4.466654659894584,1113.5029361565246,0,18.884856051893507,1166.3400034538129,1113.520667095259,4.467088210413342,12.63425127256073,True,151.57915249706156,1.9092707156278534,True,-0.0006359564555395991,0.005104671523042725,-0.008782432766714976
1.0996305242136846,4.0,899.1026166257927,11.812109237115568,1.1496700350567792,30.06,0.2,18.815530921857665,276858629.0405053,157.6539331430434,1160.52973944545,12.626514014622131,7.577336361982212,1.345292489992235,4.559904948116795,1112.7438691974105,0,18.817225610442694,1160.5479501996188,1112.7258221409022,4.558217226437329,12.630318007167478,True,157.63973475235534,1.348991348552913,True,-0.0016946885850295246,0.014198390688051177,-0.0036988585606780866
1.0992177377338341,4.0,898.1661697741977,8.852898885412413,1.1306254644941884,30.06,0.2,18.87316576829877,272170189.48458356,154.51086525967438,1164.6367643317599,12.630070207228503,7.468947285060473,1.721383031732379,4.462132438466628,1114.0127903539333,0,18.874165026539774,1164.668502273697,1114.0131358004032,4.461409717186903,12.629145614317878,True,154.50268496373977,1.7238581192899418,True,-0.0009992582410056627,0.008180295934607784,-0.0024750875575627607
1.0371096561805293,3.9993,899.2236859225225,5.085353350355127,0.85262444639745,30.06,0.2,16.196187776161658,193651347.61977246,128.10643442949893,1126.7141391923215,12.708309079222529,8.477216201195976,0.1968070051744779,7.224900909251809,1070.636585906945,0,16.19575261699917,1126.767795525377,1070.6823000284517,7.225169722720656,12.71012324821795,True,128.10987648557585,0.19765919497390314,True,0.0004351591624889295,-0.0034420560769206077,-0.0008521897994252237
1.0990825245087987,4.0,899.841036953992,5.47107309661279,1.138199908366739,30.06,0.2,19.147073442864926,273959846.43449557,153.30196949940907,1174.1431690587854,12.63113578516009,7.222372200558567,2.9936081567617965,4.043014758838797,1121.4417348661962,0,19.14611668324158,1174.232379646663,1121.492013162742,4.043913212251988,12.633391529969343,True,153.30963022440218,3.012663136151206,True,0.0009567596233459597,-0.007660724993115764,-0.0190549793894097
1.0999514357793478,4.0,895.0584730910607,10.299583727499524,1.1274890889406606,30.06,0.2,18.739786369415093,271596346.71934223,155.28249897536392,1160.0925888873078,12.629959957928179,7.588161717435089,1.3174774909517986,4.6860529861599804,1110.2377340965727,0,18.74138961660834,1160.1208823023626,1110.2232552216424,4.6848560151267105,12.630681075177655,True,155.26921520955275,1.3200601885549905,True,-0.001603247193248336,0.013283765811166859,-0.0025826976031919635
0.6079291785079856,3.9998,851.1247274238264,19.793851557990845,0.8505152514024747,30.06,0.2,9.3646238515194,113233038.01185964,129.552573684932,1096.3275331501357,12.984655188192306,9.291447460393641,0.05220736318108306,7.61466005482595,1067.7147006418315,0,9.363651320745154,1096.3340156235279,1067.7377058875977,7.615955126794945,12.983705293115497,True,129.56602931890168,0.05221230611913527,True,0.0009725307742467493,-0.013455633969670089,-4.9429380522131305e-06
1.0999660157887672,4.0,899.98458085164,6.5919422485132415,1.1325231275553063,30.06,0.2,19.056737384763203,272812592.3108607,153.38365647052382,1170.651563773815,12.62995940936397,7.312625292696893,2.4434064464504957,4.202621466846189,1118.4945079321706,0,19.056655239211192,1170.7166130838978,1118.5243821581407,4.202957959190384,12.63348963773749,True,153.38431764558166,2.4568106053248453,True,8.214555201035978e-05,-0.000661175057842911,-0.013404158874349648
0.6619808357205808,3.9845,897.2949148409099,6.461232074778689,0.8500185732323575,30.06,0.2,10.749230160181863,123228708.63167295,122.82810701858415,1124.9673345582403,12.95722184779212,8.475862921626778,0.29746047940630654,6.07236913813954,1087.7704077844294,0,10.748389264213147,1124.9960283529854,1087.8005653490623,6.071073737431863,12.956239862291653,True,122.83771642679389,0.29789868656742535,True,0.000840895968716282,-0.009609408209740877,-0.00043820716111880875
0.7121980056305799,3.9972,899.3806583418458,5.004937371969363,0.8506328420477298,30.06,0.2,11.56178840333839,132672515.863416,122.94734964906439,1127.2008887105442,12.930450805224874,8.41892196351229,0.315298987941347,6.090035876230962,1086.941807877694,0,11.56100672696651,1127.2317179595384,1086.9710659415837,6.08853194512353,12.928885282666952,True,122.95566250974127,0.3157163427864506,True,0.000781676371879314,-0.008312860676880973,-0.00041735484510363463
1.0999988284522635,4.0,899.6228283317884,19.706940269267342,1.1229240465119255,30.06,0.2,18.162801140430204,270508346.5293294,159.5736081899091,1139.2379774186722,12.624823446114467,8.148403894749112,0.3741819504299225,5.590088749557447,1096.2904245810985,0,18.16550653220208,1139.2503587411868,1096.2977220463447,5.5879996954454,12.62116960930054,True,159.54984286710678,0.37378321601334696,True,-0.002705391771876009,0.023765322802319133,0.0003987344165755635
0.6562781992336717,4.0,899.2745668098801,5.240533416804721,0.8508697582276823,30.06,0.2,10.719528573784164,122289489.23737706,122.22967815466053,1126.9885733974345,12.959269898788902,8.419074156965873,0.33995365430139945,5.913810077351479,1089.450720814014,0,10.718664242532038,1127.0119550773823,1089.4847753216939,5.911805473883723,12.960145790118073,True,122.23953450694249,0.3406282217678209,True,0.0008643312521261493,-0.00985635228195747,-0.0006745674664214718
1.0999428879496624,4.0,899.4521619809344,5.592083374106542,1.1467330257731314,30.06,0.2,19.20004412470376,276229795.2332337,154.1457368381526,1174.998535709244,12.629777036202302,7.200665669023849,3.138352061980855,3.985702012704397,1122.654569515451,0,19.198969280619863,1175.0873132573379,1122.7053137190517,3.986265423628857,12.632733105640655,True,154.1543666052446,3.1592351018507716,True,0.0010748440838952433,-0.008629767092003249,-0.020883039869916686
0.8035561090170288,4.0,899.2428376204447,5.141927711443994,0.8509726570704015,30.06,0.2,12.902215343557097,149751050.68102592,124.35659305688223,1126.7493835682646,12.877258335931451,8.44215432670402,0.267824895595637,6.412530531030196,1082.1887287151806,0,12.901557330566773,1126.7896683083623,1082.2132202564308,6.4115912292123864,12.876809863814616,True,124.36293556667135,0.268476189231819,True,0.0006580129903248633,-0.006342509789121209,-0.0006512936361819932
0.9750011337889404,3.9848,899.4010787525281,5.9177421664144925,0.8500166139389039,30.06,0.2,15.276970908829941,181497480.29927883,127.29066985559598,1125.226962189691,12.759899191252442,8.50830877517878,0.19423322912676527,7.116798903877947,1072.8611221414699,0,15.276079932784938,1125.2703172213517,1072.8966887984939,7.116723739754155,12.759900992745044,True,127.29809407294053,0.19478775518973687,True,0.0008909760450031001,-0.007424217344549788,-0.0005545260629715998
1.0999502122274385,4.0,898.6773383075497,5.860741809434769,1.1413396166037415,30.06,0.2,19.1426112223051,274932439.22266585,153.8820734406798,1173.3912863678463,12.630281067026774,7.241879563720932,2.8627855362200125,4.0723760341391,1120.977118111794,0,19.141951591536618,1173.471758940778,1121.015732589187,4.072850823003414,12.6332774564494,True,153.8873762098292,2.8804538506212083,True,0.0006596307684816338,-0.005302769149409414,-0.01766831440119576
0.9167358412540236,3.9999,885.5833890653262,14.700512809056502,0.8757902369210531,30.06,0.2,14.180019450516191,175825708.37022972,132.85220672435264,1111.944510856193,12.797198503096798,8.876575275260098,0.08962258276286525,7.49703435348466,1068.608625642253,0,14.180126805543335,1111.9516295817343,1068.616544753149,7.496638837753544,12.796140104549998,True,132.85120092571245,0.08961933334428719,True,-0.00010735502714354084,0.001005798640193234,3.2494185780579388e-06
1.0885395103164828,4.0,898.8971824320884,5.375803167230923,0.850335041024092,30.06,0.2,16.85208090266393,202708676.60444513,128.87896102857212,1125.522692466543,12.664034014684205,8.519492722355142,0.17160237704211917,7.478145463022078,1067.15640206179,0,16.853238396471582,1125.5752513239156,1067.2103763691468,7.478378691495107,12.668923737460883,True,128.87010951909852,0.17256721160946303,True,-0.001157493807653509,0.008851509473601027,-0.0009648345673438641
0.7275730429917724,4.0,896.0663516432,5.140003178834006,0.8509752847579728,30.06,0.2,11.765103761782463,135591233.5806243,123.48069735299647,1126.1851325163618,12.922252914295434,8.448865270939713,0.2892068162045994,6.2059694822681095,1085.2186374416515,0,11.764412247347057,1126.217438329537,1085.244631369731,6.204636956363371,12.920854084402661,True,123.48795557235483,0.28963757063184564,True,0.0006915144354060487,-0.007258219358362794,-0.00043075442724621604
