feed_per_tube_fraction,steam_to_carbon,inlet_T,excess_air,specific_firing_factor,inlet_P,catalyst_activity,H2_net_kmol_h,Q_comb_W,fuel_MJ_per_kmol_H2,T_wo_max_K,sigma_hot_MPa,log10_t_r_hot,life_rate_per_kmol_H2_rel_base,CH4_slip_dry_pct,T_out_K,process_heat_MJ_h,H2_net_kmol_h_phys,T_wo_max_K_phys,T_out_K_phys,CH4_slip_dry_pct_phys,sigma_hot_MPa_phys,converged_phys,fuel_MJ_per_kmol_H2_phys,life_rate_per_kmol_H2_rel_base_phys,feasible_phys,disc_H2_net_kmol_h,disc_fuel_MJ_per_kmol_H2,disc_life_rate_per_kmol_H2_rel_base
1.0987074536010384,2.5978,899.9045228878771,5.021136804522956,0.9288685218401325,30.06,0.2,16.21773294905791,223498380.9496483,230.6814698967176,1179.6741315993283,12.87544121770551,7.033680463108642,6.65115551297818,7.600112183505267,1124.996941879954,1346.5049649063042,16.217648950853974,1179.7288095239828,1125.001949982854,7.599013624295245,12.874489249780906,True,230.6826646956192,6.669710734734797,False,8.399820393734103e-05,83.02594242590567,-0.018555221756616724
0.6123676011465885,4.0,855.7847617900605,24.999294626389684,0.8558924062890387,30.06,0.2,9.368795194076027,114780851.85804357,244.02276263604006,1091.4802027552012,12.974141784987363,9.436843086547889,0.045503088847716935,7.813598857414498,1065.467960485983,1056.404444493506,9.367993219713082,1091.5200713144536,1065.4917813617587,7.814525570182503,12.97994839777616,True,244.04365291584912,0.045756966392550155,False,0.000801974362945046,112.74653169809253,-0.0002538775448332198
0.6000054562259206,2.7582,885.9110077175435,5.059466120676034,0.8502485097677493,30.06,0.2,9.063255037852958,111722113.87334092,216.4511867462232,1163.2480775158192,13.04333349454218,7.4247378968765325,4.836660591920151,7.071992886679746,1124.9025601876456,764.7296600840205,9.065585325464063,1163.3213019056386,1124.8732989336247,7.07052784344353,13.045042080789088,True,216.39554847238037,4.860437525899831,True,-0.0023302876111053195,84.41088204789824,-0.02377693397968006
1.0999710549954282,4.0,800.0241752055907,24.999743450031403,1.1499999787692317,30.06,0.2,16.8277591527867,277023846.15770704,284.2751973649204,1108.0643297252905,12.520785261645129,9.045215508931932,0.06242030893204143,7.810372222844389,1067.9231716743009,1815.6019169637816,16.820206372905968,1107.9893493178342,1067.9165782758498,7.818148109148486,12.652979101688251,True,284.4028455009568,0.06619289092280031,False,0.007552779880732885,107.81406653212352,-0.0037725819907588817
0.6000000000000486,2.712,843.226289756345,5.205903118590738,0.8502347560890703,30.06,0.2,8.826938837279833,111719290.70589533,217.9528945376579,1156.6602827255817,13.04674698608358,7.597134364887175,3.3390523500173686,7.81325982486236,1117.801312788295,726.864469071701,8.829172213267514,1156.6868841003873,1117.7812424177782,7.814314314114188,13.04902550832878,True,217.89776244267233,3.347010554812095,False,-0.002233375987680475,82.38045677032133,-0.00795820479472642
1.0999970724909667,4.0,899.9974992718122,5.005947412229177,1.1499878610228345,30.06,0.2,19.262239205975384,277027479.4558877,256.0554984016243,1177.0332137531382,12.637349876968962,7.1470520689153645,4.313292095782905,3.891835652761872,1124.3972554510135,1964.0506946185376,19.26097214668288,1177.1181577339553,1124.4824118441932,3.894196039568375,12.632004676177923,True,256.07234269671875,4.324820692003861,True,0.0012670592925019264,101.95364191199894,-0.011528596220956366
1.0975202028438986,3.9898,850.9296966076636,24.79470135126722,1.145669709924498,30.06,0.2,17.36734953820429,275365812.04962903,278.2322568277916,1119.9717249854211,12.56975344222958,8.694852788822011,0.13551312996608902,6.817181741000002,1080.3400384200245,1881.8088708856594,17.367008813562087,1119.961876219683,1080.3391151662038,6.8159086377473805,12.638692384585845,True,278.2377154872059,0.1399142155924649,True,0.00034072464220358256,108.34992315026932,-0.004401085626375867
1.0956240837798397,3.9784,890.5692340948708,23.720707017104523,1.124718038803485,30.06,0.2,17.73756288179708,269862970.2217801,271.96642756759275,1129.1603036497418,12.728621130658022,8.405005303977351,0.25862378189116414,6.145912049530877,1089.263817406635,1932.632644055957,17.739397612111887,1129.2572733928694,1089.2642001045692,6.143537489996833,12.635047160580939,True,271.9382989321013,0.2490908637951137,True,-0.0018347303148082972,108.97391621603575,0.009532918096050447
1.099846248558137,3.9915,899.4641390321366,24.180869688170034,1.1497636023041435,30.06,0.2,18.01672590983437,276935479.75672114,273.43519329017477,1132.7748838142331,12.618108845917575,8.327255375355318,0.30453447425860075,5.8131175352619096,1093.8050889230908,1959.2410770753638,18.019208762890305,1132.8491405445086,1093.8135475779134,5.809921892538169,12.625619381273923,True,273.39751686308,0.3070081312863858,True,-0.0024828530559339868,108.76837059110969,-0.00247365702778507
0.8306467105445462,3.9682,899.7897237146049,15.111436590678357,0.8658359890620885,30.06,0.2,13.036955758750269,157503441.72943962,242.37848251799116,1114.5872244477625,12.859368492335285,8.788439964540697,0.1455296731529783,7.048713726987101,1075.386794338005,1472.3406777875089,13.036751445704322,1114.6393381824,1075.3976573474874,7.048614465847311,12.858581262343574,True,242.3822810935981,0.1459764652928947,True,0.0002043130459465914,112.93389789882059,-0.0004467921399164132
1.0832844764663276,3.72,899.5149149874635,5.051366488546947,1.0677163930747862,30.06,0.2,18.247051215075658,253300761.59401688,248.05934591005067,1170.802222618465,12.708182939078473,7.293431468624039,3.2504504543389903,4.796635595942041,1117.1532894277875,1812.4148578343961,18.24652723929844,1170.81322833607,1117.1894501782658,4.797969563275312,12.705007385240181,True,248.06646929779805,3.248035548276551,True,0.0005239757772166342,99.32218098151961,0.002414906062439215
1.0998074354340126,3.9901,899.9600438009477,6.362806838258653,1.0349123950085566,30.06,0.2,18.417107480714193,249263279.77944633,251.39593597717857,1156.510346738284,12.648108527987004,7.679183589391911,1.3248377616070808,5.179074536459185,1101.065551067157,1959.3079754695161,18.419422378153737,1156.5241264424408,1101.0960201557782,5.180803117275036,12.644159223470572,True,251.3643412943184,1.3233970873546848,True,-0.002314897439543273,106.40344148916088,0.0014406742523960236
0.9935023171521654,2.599,897.0893764093526,5.032931631655548,0.894832129363187,30.06,0.2,14.586547868241112,194692184.83006617,226.3133384834402,1174.378389077905,12.925313653160933,7.159344172513915,5.536955283566604,7.760311276495108,1123.2341326294754,1215.1426504023016,14.586630705993606,1174.4174483850102,1123.2418167808405,7.759307193796292,12.919248727902925,True,226.31205324569768,5.534847034586253,True,-8.28377524939583e-05,83.30651691835283,0.00210824898035078
0.9631405599160037,2.6992,899.9405645914129,6.02372503973641,0.8844217512954562,30.06,0.2,14.206193987825486,186546520.31922606,226.5283186894685,1167.786697064028,12.925813936703404,7.329259309467123,3.844418513738377,7.737103195293683,1118.4852871748342,1219.3925213325497,14.206218233095685,1167.8101225857076,1118.489437995935,7.736302175787935,12.920817200490125,True,226.52793208128014,3.84125030079846,True,-2.424527019861955e-05,85.8355118557914,0.00316821293991687
1.0914262487797197,2.6264,899.8196534174542,5.012241253178598,0.9138951366353532,30.06,0.2,16.038950776329028,218438318.99052787,230.08724801535593,1175.9573739979503,12.876247980080642,7.128324023693718,5.408386648702054,7.768065680396132,1121.382396684956,1349.9474845665034,16.03894852685579,1176.011616722937,1121.3868252154446,7.767025030003833,12.874084833530004,True,230.08728028524604,5.420503214625786,True,2.249473237014854e-06,84.1667996334692,-0.01211656592373167
0.7240945600663069,2.8367,882.9447845981607,5.08430876474956,0.8533242183786897,30.06,0.2,10.851315260836452,135315461.02797642,220.5130642624288,1158.3203411910508,13.006938876739989,7.5610440183226615,2.9514899637968535,7.407239570442952,1116.4723162201362,943.0482684306699,10.851078517691137,1158.364043732415,1116.4759187971667,7.4067749989475224,13.003934179438438,True,220.5178753009197,2.9554264480888364,True,0.00023674314531518803,86.90344115903616,-0.0039364842919829
0.6333353658477157,2.8904,899.6086733188679,6.009886112012179,0.8512075036591021,30.06,0.2,9.681610020925463,118061215.06064306,218.4447526772404,1159.218175538377,13.027966143516341,7.533337053243407,3.5260062022735563,6.866409291880292,1121.1509542321724,849.9553166030938,9.682398341422598,1159.2929024866712,1121.1358328523822,6.864226207145179,13.02804218338216,True,218.42696736517672,3.5418322156961866,True,-0.0007883204971346203,87.80133713794456,-0.015826013422630236
1.0321391996543803,2.6127,899.9802447306513,5.046608324316049,0.905377579952339,30.06,0.2,15.202327412643069,204647325.54862252,227.84634894141738,1175.8031903093806,12.905700279438804,7.1266099375419785,5.728589346477186,7.680764381804146,1123.3956318838207,1271.1448797903633,15.20255980609392,1175.8544014095207,1123.4008286137037,7.679597556738544,12.901408697646128,True,227.84286597539258,5.734920070518802,True,-0.0002323934508510206,83.61735431424518,-0.006330724041616165
0.9720037734848699,2.733,897.9970607480686,5.006303739534352,0.8902472299853719,30.06,0.2,14.432889597245943,189503243.27592516,226.71128269852338,1169.1455236054796,12.91983274740426,7.295209662476548,4.092651436930414,7.574336984310609,1118.7901181187262,1241.7070213957472,14.433022779549322,1169.171057868381,1118.7911822372453,7.573513517044591,12.91668371869172,True,226.70919069525468,4.093114990707307,True,-0.00013318230337944215,86.03445267792702,-0.0004635537768935549
0.9133306268632028,2.9526,899.0433898296186,5.057240790263931,0.8907378148421504,30.06,0.2,13.894008177950923,178162367.97630668,227.19842219857367,1162.7258944048222,12.92192655517502,7.4618482362332195,2.8966226602821545,7.085339289127509,1114.7272533237433,1247.814222012672,13.893899079588872,1162.7389717832787,1114.7238483359688,7.084888759122887,12.918803101383245,True,227.20020621726997,2.8948868856514833,True,0.00010909836205108547,89.80844238821635,0.0017357746306712052
1.0970911283792446,3.9639,899.7658849314172,19.6140190263144,1.105336776140484,30.06,0.2,17.996709829323372,265567783.097394,266.05249370211016,1138.0226199075648,12.76118963890972,8.15422832615392,0.454094529260883,5.753831228978009,1094.8855447756448,1942.7004239098237,17.998783994069612,1138.0898241131438,1094.8770347875009,5.752495442962229,12.637987591561105,True,266.0218340362534,0.4307167677900512,True,-0.0020741647462401147,107.96575264491142,0.023377761470831815
1.0999852070706113,4.0,881.6611434985955,24.999743450031403,1.1333983786594306,30.06,0.2,17.675937971727638,273028194.33395743,275.04219601307364,1124.88650170775,12.604446215762955,8.549451355112112,0.18609464931302294,6.3779769627001714,1085.5473705558443,1936.3267141853,17.677578069538995,1124.8814312109137,1085.5499500333478,6.375006382603725,12.623845160515303,True,275.01667803193743,0.18772129427028397,True,-0.0016400978113573217,109.5612647089003,-0.0016266449572610309
1.0997026403245154,3.9929,890.3977471567524,24.452280382999263,1.1481700893654587,30.06,0.2,17.886494052913683,276515551.81286687,274.42859810192084,1129.9177032975379,12.596597428358015,8.410745940501343,0.2531025654907092,6.02105964417933,1090.8282872932891,1945.898861333016,17.888530684010036,1129.9563375148273,1090.8323710210675,6.017923468969466,12.621814436786774,True,274.3973540703961,0.2567132894727326,True,-0.002036631096352437,108.81037719266192,-0.0036107239820233894
1.0999820869526584,3.9982,800.0254542445847,24.305968470108823,1.1499995156966105,30.06,0.2,16.874643885849874,277026512.9665578,283.4441919772258,1109.5477631733154,12.582528507853835,8.989591952811523,0.07075239425997269,7.728194811358807,1068.9398284287574,1814.8785907721747,16.86753373895114,1109.5593552977814,1068.9340516254172,7.73534157402447,12.652844292016725,True,283.5636717941179,0.07325111450665105,True,0.007110146898735792,107.4764864257121,-0.0024987202466783542
0.6029576254581063,3.9998,839.0050837336141,5.072992931589554,0.8502351303205754,30.06,0.2,9.5358879525099,112270046.48553708,233.78836030066452,1113.2587729455286,12.985612971146805,8.800750952536912,0.19339962082188908,6.840790594642909,1077.041216200858,1026.4862532259674,9.536965179584975,1113.2250938161578,1077.0494640807997,6.843015515564091,12.990736707537307,True,233.76195324697278,0.19341031975273706,True,-0.0010772270750756263,107.65878631657142,-1.0698930847985455e-05
1.0967001632668443,3.9898,856.2646913087204,24.79470135126722,1.1314317053580767,30.06,0.2,17.33515189503713,271740467.25080955,276.8826076066068,1119.5226199039712,12.630758998478031,8.695021515804637,0.13571209132356826,6.849733630781892,1079.7402677209093,1888.2970536958178,17.33537515222965,1119.530866875059,1079.736309504616,6.848012334232262,12.637687483372112,True,276.87904171702615,0.13622794688845558,True,-0.00022325719251981013,108.93094918032807,-0.0005158555648873131
0.600443960104056,2.8105,843.7711963053587,5.072992931589554,0.8503467065704177,30.06,0.2,8.902173844397005,111816676.5252565,218.88981751986407,1152.9525120135447,13.043017789483875,7.696127003694912,2.6359953237065783,7.691038220293766,1114.470755303381,750.5593884167047,8.904154548983174,1152.992739448515,1114.45305492088,7.691691016266742,13.0450316244436,True,218.84112608452992,2.6442875600244924,True,-0.0019807045861686134,84.34185866280734,-0.008292236317914092
1.0371633486657903,2.5961,899.8606612090181,5.070115024867745,0.905377579952339,30.06,0.2,15.244020843208478,205643488.33237022,227.86982386506946,1176.2605924370423,12.905533936569737,7.114942346111793,5.868482721246218,7.7254072133757505,1123.6849335504166,1270.3292552619682,15.244143914029761,1176.3155309211802,1123.690894737088,7.7242617605856605,12.901310632200179,True,227.86798419952137,5.87646750966807,True,-0.00012307082128337754,83.33411876407038,-0.007984788421852684
0.8374167605146694,2.8939,895.9060462000782,5.195922998641403,0.8551508014083352,30.06,0.2,12.528787959773569,156827572.8364831,223.63398196194225,1157.4761674602953,12.962809163936106,7.591870227309613,2.381159151831116,7.521798094181009,1112.0025269257767,1121.5673173529685,12.528312712456238,1157.4966191680517,1112.0002948957774,7.521539626651282,12.958862353120418,True,223.64246526312022,2.380002879155182,True,0.00047524731733084025,89.51413184218876,0.0011562726759337671
0.7994578190322996,2.7048,899.5462879375469,6.071643173365962,0.8504441752257094,30.06,0.2,11.81102113480696,148894765.67533934,220.88804709842785,1163.0874797761064,12.990011632050757,7.439215090424764,3.5897580094271166,7.691481040640853,1119.1660383419965,1013.6123318985592,11.810552716370557,1163.134134588318,1119.1694212066445,7.691301858100648,12.986689525041086,True,220.89680774122982,3.594679098914636,True,0.0004684184364034394,85.81383853950348,-0.00492108948751957
1.099224503928054,3.9986,893.3008532184318,14.568937814239558,1.1478918599425254,30.06,0.2,18.55818860472084,276328349.1672386,264.7125121757989,1152.54153633012,12.662355108336872,7.781857759992729,1.0379450597480324,4.944883394748156,1106.5167873293024,1951.9238430532384,18.561076593064378,1152.6204033290876,1106.485192802359,4.9425026426130305,12.627706918151224,True,264.6713245514863,1.0264011080644904,True,-0.002887988343537984,105.20339808480949,0.011543951683542053
0.6539217464985079,3.1068,897.6837557004483,5.1184111214635,0.8518730517380391,30.06,0.2,10.140478296794708,121994071.34806806,220.86613339730778,1152.4242538905578,13.011797075750682,7.716251374891879,2.20931629356307,6.6657095825316555,1113.8907290245372,932.6088963402066,10.140796249485598,1152.4898410273368,1113.884406253092,6.6636311911437955,13.010743810342662,True,220.85920840052128,2.2170986064972666,True,-0.0003179526908905217,91.97296724790795,-0.007782312934196511
0.6000054562259206,2.7952,891.7092962230683,5.059466120676034,0.8502581547510517,30.06,0.2,9.116309047085426,111723381.21801773,216.56982407408267,1162.9348844927083,13.041607743910326,7.433253194435757,4.71514959873274,6.938949341633329,1124.8399456196125,777.2812191963549,9.118606188972718,1163.0189757597448,1124.8055019955702,6.936945666461053,13.043249002658346,True,216.51526621687358,4.7413239748728,True,-0.002297141887291687,85.29578914717686,-0.026174376140059685
1.0906697717086746,2.5723,899.6073312677489,5.027457381779539,0.9181464947407216,30.06,0.2,15.993473942597655,219302368.6200676,229.77394786931796,1178.6794772812027,12.883610663887534,7.057424197966931,6.385585219164712,7.769145337644021,1124.215238621847,1325.2154127207184,15.993133855796158,1178.7428394776782,1124.2234384627802,7.768006748870042,12.881523135217515,True,229.7788339090212,6.403584678657998,True,0.0003400868014971081,82.85663595277609,-0.01799945949328574
1.0909574977462941,3.9402,806.960647829219,23.25364588774525,1.1309748747702009,30.06,0.2,16.76422014001084,270208404.7573457,279.2386265354096,1112.6839318186562,12.733106486937125,8.868531621629089,0.09411367524899968,7.6381889016524145,1071.6818947795562,1786.1277558623171,16.760512750908806,1112.805976428441,1071.677778597108,7.641714551597017,12.6744833986407,True,279.3003935145151,0.09230013000969119,True,0.003707389102032721,106.50584120850601,0.0018135452393084894
1.0298273237843947,2.6552,899.647119446919,5.100854839031978,0.9199103642282517,30.06,0.2,15.333294347392892,207466503.44654542,228.80061755023803,1176.9079250222737,12.900070889238203,7.099448340654607,6.046219322210068,7.403027589387779,1124.7813849754334,1285.411821692938,15.33376319490933,1176.9505605255604,1124.7813071514674,7.402059456344539,12.89724875410752,True,228.79362170714757,6.053659716028308,True,-0.0004688475164389416,83.83585150975964,-0.007440393818240132
1.0934948711886334,3.9606,898.5777536325112,16.184604213565514,1.149439621037028,30.06,0.2,18.41022170244873,275258652.0060878,265.1957787705412,1151.126551869111,12.69961928723039,7.812239144663824,0.9755949578940046,4.9966721538882055,1107.0112481185129,1933.1132387968419,18.41231665695191,1151.256953809518,1106.9906481362657,4.994886504570801,12.639327620099454,True,265.1656047787883,0.9565648657837447,True,-0.0020949545031783146,105.02039737393437,0.019030092110259966
0.9682405655331816,3.536,898.8389127461338,6.762580547252769,0.8878597859870382,30.06,0.2,15.072306044188283,188263325.12547144,236.5333146386012,1141.5154120866482,12.822491655145532,8.046819690236493,0.6943338143325765,6.954147974149684,1091.698804486587,1547.9954529635124,15.072669819691809,1141.4919888832956,1091.6964119319305,6.953657382701052,12.824983169236843,True,236.52760596013462,0.6940914982922038,True,-0.00036377550352639787,102.70784914074363,0.00024231604037261434
1.0161835039403018,3.3153,898.4176029722122,7.16195164835272,0.9183677999831283,30.06,0.2,15.730872171018188,204374568.819845,236.75540346874658,1151.6726079847206,12.818998886818836,7.774042637153343,1.2467296011985403,6.923987230133498,1100.9007974744854,1534.6414646949208,15.731231482618433,1151.6794818046656,1100.8982079243656,6.923500193667309,12.82092839945717,True,236.7499958207197,1.2483200291029481,True,-0.00035931160024560427,97.55921113700091,-0.0015904279044078873
1.0298273237843947,2.6852,899.6254830104479,5.046040742189355,0.9053471051019528,30.06,0.2,15.255368950146675,204182065.56301972,228.46948644688476,1173.13247443861,12.897868604909295,7.196611550743125,4.858849463635515,7.592149734326903,1120.798934644459,1297.721321422551,15.255750592035767,1173.1710883384078,1120.7995952507745,7.591146878654946,12.893808876094452,True,228.4637709938245,4.861088327287346,True,-0.00038164188909206587,85.07011878042084,-0.0022388636518311245
1.0997047195456873,3.9928,809.8622855566795,24.452280382999263,1.1481700893654587,30.06,0.2,16.96022716624197,276516074.6241875,282.37568711319244,1111.406154200999,12.581433944266418,8.936395492911675,0.07956838667272094,7.56914102006444,1070.9850831479002,1826.483571547114,16.95505153246596,1111.4153999409737,1070.9833498445244,7.573679326788832,12.650662146695023,True,282.4618840286633,0.0823089519448549,True,0.005175633776012489,107.63884113880567,-0.0027405652721339546
1.0970752624087572,3.9639,898.6386734508081,19.6140190263144,1.1372690862162815,30.06,0.2,18.17217212947419,273235875.91833556,267.9099548993548,1141.6687317831113,12.804437977492675,8.04624515194848,0.5766545411290261,5.470831161828001,1099.4746573513335,1940.9785736485753,18.174359091793036,1141.8436420498892,1099.464939754822,5.469086896219828,12.630944118535751,True,267.87771667993536,0.5381755210982974,True,-0.002186962318845076,106.8298734947706,0.03847902003072878
1.050526996349569,3.9891,899.9359176698109,5.010741081471273,1.0444031831294276,30.06,0.2,17.851530172310582,240277701.77369168,249.02428000115782,1161.5929506211924,12.691333022427996,7.536600242068346,1.8979816963400227,4.756542475457934,1108.1668752872206,1871.0605005033192,17.851085087280577,1161.6422184179248,1108.2011397115568,4.758137144671196,12.68461028710943,True,249.0304889782925,1.897897045147344,True,0.00044508503000528776,104.80873596066661,8.465119267864196e-05
1.0996548720426385,3.355,899.7760023826347,5.925270402021918,0.9301519995896739,30.06,0.2,17.05264623566623,224000192.6898356,239.2556666041743,1154.528429458465,12.762384041424793,7.709165671069819,1.3353965707296342,6.910249473753021,1099.0668953749707,1679.9401779455352,17.053376553322604,1154.5256798560793,1099.0684645028753,6.910632099818841,12.762941166857159,True,239.24542038477244,1.335452627864823,True,-0.0007303176563731029,98.52095303999474,-5.6057135188858354e-05
0.6000054562259206,2.7582,885.9110077175435,6.130612564347786,0.8502581547510517,30.06,0.2,9.040662569949596,111723381.21801773,216.9935966795918,1161.71554093758,13.042454531423989,7.464990904258581,4.4195346771332495,7.147454128230864,1123.924164997235,764.7296600840205,9.042720920117588,1161.7633370713147,1123.8987697738987,7.146414392749688,13.045183117229318,True,216.94420349250527,4.436651222788601,True,-0.0020583501679922733,84.61792812690817,-0.0171165456553517
1.0990725958503682,3.9535,899.3853994049775,8.93718026396678,1.124718038803485,30.06,0.2,18.803462742359642,270712372.60712016,257.4825623548357,1164.907325368036,12.651193724600509,7.457720616964657,2.1607735716006116,4.52864408420184,1114.323628694473,1941.074061541587,18.804626729327392,1164.8892554949748,1114.3354450243457,4.52881062077988,12.637965369077811,True,257.4666244502275,2.145390916581731,True,-0.001163986967750219,103.23915469488455,0.015382655018880698
0.6098289219565609,2.7583,883.732846719727,6.12146488493878,0.8502392491298084,30.06,0.2,9.168749055567815,113550024.40348732,217.3098282573049,1161.1160499978541,13.040207026948382,7.481132981914882,4.198794714851095,7.214523308527727,1123.024584771739,775.85187827669,9.170381903233075,1161.1633305540245,1123.0083380577744,7.213495849089643,13.04140336583293,True,217.2711347929048,4.2122831131526555,True,-0.001632847665259618,84.64279026904444,-0.013488398301560345
1.0806279379347112,2.5777,899.6254830104479,5.073034620000015,0.9185474028656141,30.06,0.2,15.875083296903611,217378120.83549798,229.56825102196382,1178.6431845309771,12.887393257262447,7.0576231422928615,6.430260322149531,7.719894204477441,1124.5910870911118,1315.3638126321032,15.874922026407663,1178.7038983916711,1124.5980578800707,7.718731808084031,12.88514442149731,True,229.5705831648011,6.446855696584662,True,0.00016127049594771847,82.85563783295336,-0.016595374435131482
0.9622858407868379,2.8234,899.8305005015909,5.011321625373497,0.9030617003228986,30.06,0.2,14.516639629568235,190309112.78292832,227.66561238594304,1169.0379842330594,12.912266790542063,7.299452946635775,4.02947687620753,7.198116757701669,1119.2366198800019,1265.9134426631838,14.516829319487371,1169.0484514027644,1119.2343389886885,7.19748121690463,12.910719776662807,True,227.66263750274692,4.029167241717978,True,-0.0001896899191358159,87.20613852195456,0.00030963448955212414
1.0607940206401456,2.638,899.7538602547542,5.008795286049203,0.905893208173625,30.06,0.2,15.600676652785056,210448644.04738554,228.94557889948405,1174.521984257,12.889728686091964,7.16250060541719,5.139533122429364,7.757514423568561,1121.0164419272762,1316.8990469878372,15.600860834812249,1174.573290968188,1121.0198026810028,7.756416443968521,12.886136683700956,True,228.9428759934531,5.146870451846822,True,-0.00018418202719239218,84.41465048582523,-0.007337329417458349
1.0998074354340126,3.9901,899.9303516627431,6.289071951313453,0.9942566793019468,30.06,0.2,18.12747039378052,239471168.78755265,249.62255912656028,1150.0228608683822,12.65197304630023,7.851254400223517,0.9056827696913535,5.639183704721355,1093.586018905378,1959.2630274626702,18.13026811296487,1150.0540627159617,1093.6163584716019,5.6411769552493745,12.6448020343274,True,249.58403935298804,0.9043061260821204,True,-0.0027977191843504556,108.1043804246682,0.0013766436092331746
1.0978268349060634,3.9982,816.1803461982269,24.7521019716998,1.1249572970433626,30.06,0.2,16.85248582109338,270463052.09405744,280.82674441291664,1109.3208189631598,12.656841798057267,8.980742936824637,0.07230374677698623,7.709141874529999,1068.8789875931316,1834.8103131090202,16.848996936813474,1109.353171645078,1068.8706099547871,7.711804446992021,12.649482983981311,True,280.88489458159637,0.07222072856850648,True,0.003488884279907012,108.83915214491569,8.30182084797515e-05
1.0988384225675591,3.9902,899.3853994049775,10.643564552257654,1.124718038803485,30.06,0.2,18.723089199931557,270654693.4281198,259.39246293204855,1160.1512797500818,12.647916033325576,7.583065881383455,1.6260141570379227,4.673971398742237,1110.7123086035838,1956.7565059654019,18.725052031446474,1160.1454476298754,1110.7094088498106,4.673442977882384,12.632333340103482,True,259.36527242277145,1.6137799354748894,True,-0.0019628315149162745,104.52658002655397,0.012234221563033332
1.099846248558137,3.9915,899.4691123459518,6.389159696194104,1.1397071048914003,30.06,0.2,19.0986688229898,274513241.8896595,256.58656933911885,1172.2790657921375,12.641042927085048,7.268427796533135,3.289552452746265,4.127583552123465,1120.21859871492,1959.2486062743014,19.098833774083648,1172.3154769905643,1120.2640981129152,4.128814655287686,12.635143213661681,True,256.5843532752597,3.2878911939424964,True,-0.00016495109384706552,102.58694084076802,0.0016612588037685505
0.9518873514557052,2.6122,899.6711811061452,5.062508622231572,0.888264402720332,30.06,0.2,14.034767234198815,185167975.903042,224.85270924468895,1173.72944850651,12.941044483127452,7.172976171438879,5.576816112854791,7.6470927624071665,1124.077132896888,1171.8128372670296,14.034770510786528,1173.7740018934787,1124.0846240462636,7.646178306219219,12.936912902297044,True,224.8526567500918,5.581320386725435,True,-3.276587712264245e-06,83.49360419652373,-0.004504273870643338
0.8382797647543754,2.8108,899.3846630758469,5.247534365641857,0.8504476581849267,30.06,0.2,12.452946420628741,156125785.937269,222.51214036605916,1159.972831934974,12.969279350896063,7.524857299490023,2.7953635069419915,7.645641522742039,1114.3889829616994,1098.1554840186457,12.45239915251888,1160.012230686473,1114.3875175691087,7.645381235187027,12.964924876957408,True,222.52191950957902,2.796716439346617,True,0.0005472681098606103,88.17848647246868,-0.0013529324046253066
0.7296878613850486,3.3491,890.7439436441928,5.08430876474956,0.8557817567014214,30.06,0.2,11.373318129786997,136753424.64082587,225.98567112060684,1143.3797319353305,12.970281523096556,7.967066385602504,1.105641005939282,6.747692403484457,1102.3549507238952,1104.991666419231,11.373061836257529,1143.3978036553776,1102.3504030385745,6.747182499623959,12.968270024379983,True,225.99076373912018,1.1059031340838146,True,0.00025629352946765493,97.15358657696041,-0.0002621281445325252
0.7924941856350679,3.9883,895.7911559266819,5.246935556911055,0.8509362903895181,30.06,0.2,12.701832166406723,147683234.46284223,235.3233679585506,1126.0087221164417,12.88586345184616,8.461082249593833,0.3174088931853748,6.456137638674765,1082.0625016139873,1406.717555398345,12.70093613385917,1126.0907116133567,1082.0752316645235,6.4553384957051705,12.88511263597494,True,235.33996967945276,0.31899712497508625,True,0.000896032547553105,110.74039607615035,-0.0015882317897114584
0.7562098346918787,2.6827,893.308029380948,5.129357111137491,0.8501779916221359,30.06,0.2,11.20008484361649,140795976.631191,219.25233272545563,1164.9036699877524,13.006363027461019,7.388668524003503,4.252828539107062,7.589462203028763,1121.6563217345476,947.1164076374606,11.199697116512125,1164.9684568290618,1121.6625183849017,7.58917685964251,13.00243411152672,True,219.25992311573216,4.262101275733615,True,0.0003877271043659647,84.55866151675872,-0.009272736626552813
1.099179899712795,3.9564,893.997661156628,15.957666996323269,1.096106824363976,30.06,0.2,18.12825999453232,263851595.61234763,262.65209508319526,1143.6600743683275,12.666432761946263,8.019776961271106,0.6143765456484784,5.593194999534426,1097.2624213521667,1934.4440862159195,18.130281767498523,1143.6507414344692,1097.2451535379512,5.591993398649994,12.63734224009431,True,262.6228058028539,0.605763281177372,True,-0.0020217729662022066,106.72614656160684,0.008613264471106441
0.8294195358911202,3.8885,899.5981104169275,15.021864323017049,0.8569262325546719,30.06,0.2,12.905744667679034,155652379.19357786,241.07586946648746,1114.8232961092644,12.86887639732097,8.779786939893548,0.14996768992886425,7.243094231823438,1075.6390366369976,1443.5595540848735,12.905495698733583,1114.8700727323455,1075.6485761862712,7.242999427675839,12.867640927255126,True,241.08052022972785,0.1503443331916657,True,0.00024896894545101134,111.85153731224207,-0.0003766432628014571
1.0952358082592752,3.9609,898.2708705794946,20.459778439278207,1.0458848858759529,30.06,0.2,17.53033852620723,250858942.20123297,263.7505498439268,1128.2878016319241,12.693442732205057,8.436380797423293,0.24344261812513218,6.467721149957575,1084.368455671125,1935.8620445098356,17.532105211844748,1128.2936324130853,1084.361989643197,6.466419029395971,12.642013938852287,True,263.7239720711685,0.23772632756497136,True,-0.0017666856375164741,110.44469477116425,0.005716290560160819
1.0996228598172644,3.9594,810.9621608011869,24.20543702217267,1.149982245007631,30.06,0.2,16.977688452749497,276931883.8862627,281.61624490272277,1113.1793779483987,12.597419361467946,8.882282452920915,0.0900340315552682,7.513390535867141,1072.7544920550904,1814.0655418388158,16.97292041661368,1113.2022151574622,1072.7539313376944,7.517614109935375,12.656306344439223,True,281.69535659353204,0.09275249355732786,True,0.004768036135818221,106.80087698003524,-0.002718462002059649
0.9935023171521654,2.571,899.8511520611239,5.002033451092499,0.8929589075370093,30.06,0.2,14.562854040470317,194284620.50817552,225.81479362917514,1175.6602542495475,12.92836526865856,7.125918730033156,5.989664315466762,7.776344186457437,1124.4884579795503,1206.8869457844376,14.562817152923776,1175.7077773795952,1124.4983362387813,7.775272742832755,12.921930326877247,True,225.8153656169727,5.989430700846725,True,3.688754654085358e-05,82.87397990082044,0.00023361462003723688
0.7562098346918787,2.7169,893.308029380948,5.129357111137491,0.8501779916221359,30.06,0.2,11.229788582947236,140795976.631191,219.58821821447964,1163.591045521057,13.004107005766517,7.4233393855473615,3.916126793025479,7.548849987132485,1120.446584444374,957.4009448062146,11.229372190006316,1163.653379385436,1120.4497247267318,7.548607513197241,13.000269434467153,True,219.59636069853187,3.9242815677340785,True,0.0004163929409202183,85.25049251410579,-0.00815477470859971
0.9687204401985905,2.7815,897.7075800720766,5.437192854803875,0.8871944126376317,30.06,0.2,14.397090882275958,188215474.43521076,227.30564897156646,1166.0006945880673,12.91544523090506,7.377660061992309,3.39338317407443,7.601722449134958,1116.0734309815277,1255.9457173496723,14.397252127262156,1166.019591594341,1116.0770066836783,7.6007769263220615,12.913086601525505,True,227.30310321520216,3.3936206636605197,True,-0.00016124498619873862,87.23764494389988,-0.00023748958608971193
1.0426992445841052,2.94,899.8885770309821,5.857755298235453,0.9035663476188186,30.06,0.2,15.656950717531792,206327526.50025082,231.90714832618332,1162.4487247473708,12.857556698477959,7.481614312686297,2.4561009493654424,7.465023981721039,1110.048548141298,1420.3067227408433,15.657263660372427,1162.4665045619702,1110.0463725419347,7.464415265626352,12.856127168975659,True,231.9025131815415,2.4571106677307544,True,-0.0003129428406349888,90.71695586359044,-0.0010097183653119401
0.7688970692797179,2.6811,899.8314235527789,5.205903118590738,0.8586407916935236,30.06,0.2,11.465067108105957,144583185.000433,219.53023424757885,1167.7729149358902,13.001881241815472,7.3149625072438695,4.922986013070076,7.38439643638574,1124.3197481022698,967.8233143306443,11.464708183686577,1167.8305251651473,1124.323787650491,7.383841129725435,12.997963796020098,True,219.53710705764965,4.931540944537711,True,0.0003589244193804575,84.41074156129059,-0.008554931467634752
0.697358629305349,3.0618,897.8016495776268,5.045652111443163,0.8530339243011271,30.06,0.2,10.738410809682833,130274839.71404828,221.44261047128984,1153.7806310279445,13.000427432918455,7.682399958775125,2.2554216092680908,6.830999317985529,1113.5766428815925,982.1398679301952,10.738226837165366,1153.8342044739877,1113.5720745073745,6.829768708980789,12.99831345133891,True,221.44640433364168,2.2607191672885323,True,0.00018397251746726795,91.45822149859919,-0.005297558020441517
1.069500060640194,3.9749,899.5502168738192,5.634609030309726,1.0250061084129294,30.06,0.2,17.94140927613326,240074112.60725385,249.16914524784107,1157.066375540257,12.677758782493108,7.658590138151553,1.4260049029562492,5.118542434499369,1102.5193458566866,1898.2229787980914,17.94190437321929,1157.1010648008662,1102.550691730797,5.120181674573311,12.67229224255179,True,249.16226956089196,1.4254290138421681,True,-0.0004950970860306825,105.80517553919026,0.0005758891140810185
1.0979001946724132,3.0101,899.9876962687867,5.005944319113011,0.9267593350485733,30.06,0.2,16.685544269702334,222827042.7360513,234.56128932198155,1165.6024007683975,12.817559777648569,7.4070287443259915,2.7365197591906965,7.1778418254452205,1110.3250708821045,1526.3501761969735,16.686150807547214,1165.6127574135148,1110.3224004107944,7.177696117512069,12.81685955346761,True,234.55276307164624,2.7372614828567463,True,-0.0006065378448809611,91.48259919869912,-0.0007417236660498538
1.0839956819630676,2.5774,899.6254830104479,5.073034620000015,0.9174528032847125,30.06,0.2,15.908116208207682,217795724.215541,229.62234220155847,1178.3872642775564,12.88599147307785,7.064411167432596,6.317391445374433,7.75103695352017,1124.199842423911,1319.3332871481405,15.907983038246238,1178.448543292254,1124.2093435772672,7.749721346460838,12.883752348865094,True,229.62426443132097,6.33392946589503,True,0.00013316996144396853,82.9333740913473,-0.016538020520596497
0.7840364987935319,2.6462,899.9380212734911,5.1246402540690275,0.8560063841694979,30.06,0.2,11.62250140193191,146977667.00556397,219.47114712665032,1168.4433525763188,12.999919726723494,7.297967967984047,5.050101826686315,7.5209589532941195,1124.3151917989856,976.0429972463409,11.622070150393217,1168.5070522535125,1124.321484542396,7.520561838015914,12.995468973855372,True,219.47929087975734,5.059534267801994,True,0.00043125153869283395,83.97371013488711,-0.009432441115679424
0.897233243374989,2.6768,893.3186597748005,5.138926751158613,0.8883122616691848,30.06,0.2,13.341038150822897,174545669.46254045,224.2538051421398,1170.8743770572146,12.956329091008744,7.2435133234971225,4.987291589462512,7.466179613914239,1123.2358369787032,1121.6463970555578,13.340971328873975,1170.9058146904413,1123.240062563626,7.465741281072262,12.95212125834865,True,224.25492837941718,4.987339656224317,True,6.682194892171367e-05,84.07419402451521,-4.806676180546532e-05
0.9477804335655874,3.9682,897.9222507528282,15.092618220635103,0.8947064030469204,30.06,0.2,14.820410412399259,185706176.870126,247.44566260671425,1117.8595295159191,12.77857202396963,8.711903957100645,0.15268751348791618,7.1571060183864565,1073.9108817707677,1677.5372367053749,14.820581364240885,1117.8852063642246,1073.9186859035408,7.157214516779808,12.775191454614381,True,247.44280838050776,0.15269965045394815,True,-0.00017095184162663202,113.19255950679272,-1.2136966031972563e-05
0.7694938516511827,2.7106,899.8445687198957,5.087794764466963,0.8536120212180989,30.06,0.2,11.469042427367409,143847971.44784966,219.62394689068,1165.7298406646687,12.999983720789645,7.368388221068564,4.351633684748122,7.431516502329551,1122.2122286266795,977.6480994424209,11.468632891386855,1165.7951523229212,1122.2144018024223,7.431011352365548,12.995851419200479,True,219.63178949138882,4.360849537272328,True,0.0004095359805535992,85.2375487812624,-0.009215852524206092
0.6012343779169379,3.286,882.4303080334626,5.563088136799047,0.8536208192721844,30.06,0.2,9.405843731628305,112394968.25682828,222.5899662613249,1143.7444485035157,13.02030406658347,7.947383387904466,1.398899655486126,6.5736287970275376,1107.576428848263,889.4146361307073,9.406958380890183,1143.817677662248,1107.5591758232208,6.572512263916448,13.022398891565587,True,222.56359113223976,1.4064505464606865,True,-0.0011146492618774317,94.5749635375885,-0.00755089097456052
1.0982631141610677,2.5961,899.8606612090181,5.006297693088417,0.9257974349094497,30.06,0.2,16.1853044297533,222669347.32112762,230.5120644329604,1179.1954401539529,12.876166592114174,7.045717209633192,6.482307491122698,7.646501633372599,1124.4917250129765,1345.1649305662904,16.185165320262392,1179.2519525836653,1124.4969994532848,7.645424622379495,12.874947259323438,True,230.51404565559835,6.5003608429501085,True,0.00013910949090956137,83.10899750071576,-0.018053351827410857
1.088326654031757,3.9917,898.4987189978569,5.0013379779360125,1.0858083762465423,30.06,0.2,18.665185432858685,258791804.19468454,252.34844571062007,1167.381704134848,12.660233439721743,7.39147277614904,2.535494222172007,4.48906235317959,1112.9745296398091,1937.3612022250622,18.66561728678301,1167.4103957608797,1113.019035398923,4.491095643783059,12.645251169886308,True,252.3426072931221,2.5226499638395725,True,-0.00043185392432576464,103.79888059011842,0.01284425833243441
1.0839956819630676,2.5774,897.9676083658551,5.073034620000015,0.918168472549997,30.06,0.2,15.899337358116718,217965618.19305503,229.74676199227824,1178.2021087554024,12.886198567477072,7.069089804720569,6.253150495755092,7.767682798094302,1124.0019479581795,1317.4753666388758,15.899122746525624,1178.2608898945684,1124.0091067464064,7.7665674991280795,12.884010400938907,True,229.74986318967925,6.268780832023241,True,0.00021461159109392725,82.86155666095652,-0.015630336268149136
1.097811550024549,3.9793,899.7071052034094,13.216345185332838,1.093463282611796,30.06,0.2,18.347747471150374,262887578.0271831,259.82969011577137,1150.2535628704015,12.650130135318573,7.845441965249943,0.9068657309473588,5.225733442111748,1101.877278919582,1950.6369180316103,18.34986186213828,1150.2405894049307,1101.8691955336074,5.225080756316957,12.63745456582789,True,259.7997508410619,0.9007791362141612,True,-0.0021143909879057787,106.33247891706,0.0060865947331976145
0.8031051911148301,2.8935,895.9060462000782,5.195922998641403,0.8552119094371761,30.06,0.2,12.06656965590311,150412606.90970993,222.68540187817314,1157.973918398372,12.975574241431604,7.5762584158318695,2.5628634657191305,7.392955144020737,1113.7436103720602,1075.4852676545759,12.06611900965615,1158.0056351240878,1113.740758279104,7.3926980796525505,12.971762867507355,True,222.6937187479578,2.563527799186231,True,0.0004506462469606731,89.12434184126383,-0.0006643334671005974
0.96226497518619,3.0015,899.9330815875393,5.013014100153959,0.9107661465226397,30.06,0.2,14.758797857329874,191928568.02560207,229.7475417801471,1164.6836363250763,12.891461636284317,7.416616036172098,3.026221340705495,6.892129402590072,1114.9379121473614,1334.4200127916185,14.758942258377388,1164.6781946781957,1114.9333868260576,6.891627968873119,12.891106413764218,True,229.74529393710276,3.0247229613622872,True,-0.00014440104751400895,90.41658712499267,0.0014983793432077341
0.6000000000000583,3.9999,897.7350579870152,6.378396392911762,0.8502347560890703,30.06,0.2,9.82464707546239,111719290.70589714,230.68521905916845,1125.0716688006364,12.981469966032074,8.468100610157276,0.40378496291377863,5.838268920503004,1090.670693092845,1069.4084623617337,9.8243658533085,1125.1912118801706,1090.6751239119524,5.837092300723366,12.986822487159506,True,230.6918224160816,0.40791574435483496,True,0.00028122215389103644,108.8460674749243,-0.00413078144105633
1.0988077798336067,3.9562,890.1075476751263,13.216345185332838,1.124718038803485,30.06,0.2,18.43115712946597,270647145.8218536,261.9295032047483,1152.8240088505677,12.65979754567053,7.774833421631882,1.0621398102673703,5.1020592769758775,1105.0556539012032,1927.8729823183874,18.433269351423586,1152.8102168054525,1105.032597995089,5.100703333983195,12.643846356804714,True,261.89948936198016,1.0533982745658512,True,-0.0021122219576170664,104.61661460057132,0.008741535701519032
1.0999780894356708,3.9891,890.1909147885065,18.98432792306014,1.143945964489246,30.06,0.2,18.217332824117516,275567255.08130723,268.8056224379713,1141.3491196800157,12.782742679562554,8.059247730249968,0.5582582980032863,5.493971293286837,1098.3999068800847,1944.4151845040174,18.220019936296403,1141.5330894320568,1098.3775060322414,5.49143091078887,12.625915317009621,True,268.76597863602535,0.5252664213981064,True,-0.0026871121788865082,106.75825285409718,0.03299187660517988
0.6525253609991046,2.8034,897.6837557004483,5.1107233838609885,0.8506189929886794,30.06,0.2,9.897788198770314,121554358.69227634,217.6292338803619,1162.9540590736458,13.027838183784736,7.435404657454352,4.321404268856599,7.004826603755872,1123.4359965669737,851.6799339626529,9.898372734731966,1163.025337833496,1123.427294326723,7.002805484391961,13.026591687461396,True,217.61638205946983,4.337324206332678,True,-0.0005845359616518664,86.05527079085374,-0.015919937476079227
0.7840364987935319,2.6462,899.7887498004851,5.925783749978958,0.8560063841694979,30.06,0.2,11.596090098624682,146977667.00556397,219.96040831879762,1167.0852177524184,12.998824622531924,7.333389759690025,4.665158133627351,7.589521445171297,1123.4674382589071,975.919995078294,11.595673931730964,1167.1321353683604,1123.4747096394597,7.58921804640532,12.995649151574957,True,219.96830266287887,4.671849467205732,True,0.0004161668937179286,84.15452698856245,-0.00669133357838092
0.9935023171521654,2.571,899.9900820669277,5.002214606168681,0.894832129363187,30.06,0.2,14.57875408153575,194692184.83006617,225.87782044171053,1176.059634835187,12.928122112879668,7.115748400692304,6.124898545533375,7.743208551337688,1124.906812419876,1207.0295020851343,14.578735070727017,1176.1075095292624,1124.916115777376,7.742153169200755,12.921891740930636,True,225.8781149885296,6.125326210938717,True,1.9010808733455065e-05,82.79354841893706,-0.0004276654053425588
1.0943349954173816,3.9994,898.8516148311683,5.670695663087566,1.077512294942928,30.06,0.2,18.667208361883418,258232314.14091212,252.78151438756268,1164.398621196314,12.65238576942824,7.47077489673682,2.1120949513188543,4.650695000526651,1109.8604264273329,1951.9504047381474,18.668484671333186,1164.4186733135948,1109.8968393846478,4.652459214551798,12.639096860147951,True,252.7642324580853,2.101797624138982,True,-0.001276309449767865,104.57587032607657,0.010297327179872084
1.0988327215957165,2.5723,899.6073312677489,5.063177778951373,0.9181464947407216,30.06,0.2,16.093792838445456,220943703.41414618,230.05066522497862,1178.4595935983957,12.879797991025898,7.063756418072018,6.253928121446858,7.806049521977819,1123.7220762577579,1335.1337833258076,16.093329786853865,1178.522362091603,1123.731024460263,7.804958000738743,12.878011336875126,True,230.05728444723343,6.2722256955093725,True,0.0004630515915913236,82.95531600238942,-0.01829757406251442
1.095775922538971,3.9952,888.5160053521258,6.58402588961747,1.097623087252686,30.06,0.2,18.649832801398805,263398351.1504708,255.18986071630889,1163.1133237885601,12.652209023246083,7.504437229659011,1.9563904669449192,4.712170261510231,1109.378869931379,1937.1230440735092,18.651396304633025,1163.1177428469493,1109.384289578921,4.712420229163468,12.642506925816726,True,255.16846874296527,1.9481498617738522,True,-0.0015635032342196098,103.88080348519517,0.008240605171067061
0.6000054562259206,2.7582,884.7051892332894,5.022507479475908,0.8502581547510517,30.06,0.2,9.058366281541357,111723381.21801773,216.4839636503222,1163.0688669188246,13.043402398382703,7.429406440842083,4.787528713425053,7.088167600233482,1124.689821842836,763.9548094885993,9.060686680401611,1163.1414278249963,1124.6612924951598,7.086775185067316,13.045098854726332,True,216.4285231345825,4.8108578853463335,True,-0.002320398860254258,84.37077294424583,-0.023329171921280256
0.8960615671495763,2.7079,899.996225672673,5.001845296092773,0.8902345169254623,30.06,0.2,13.425999789291279,174694947.57232952,224.14449286585383,1171.6939482881921,12.953094273830896,7.223008137821225,5.195327581684881,7.271350039861997,1124.1490132238396,1137.6323328556523,13.425998722524428,1171.7300615750066,1124.150377418266,7.27073952971691,12.948940010622081,True,224.14451067532335,5.196907790574987,True,1.0667668508546058e-06,84.7335172047323,-0.0015802088901057942
1.0960638077107248,3.9883,899.9382105874741,8.674453299255,1.1349956580859304,30.06,0.2,18.87403748572917,272438263.08777255,258.0687589096421,1166.420854173186,12.645853492118063,7.419300706007,2.3518097741406225,4.367498659547088,1116.0988910686106,1951.8180393300543,18.87508146168516,1166.418503548643,1116.1122113191661,4.367529804194581,12.633369430615494,True,258.0544851922099,2.338093374897947,True,-0.0010439759559908168,103.42140567032374,0.013716399242675426
1.0999970724909667,3.9898,897.7816259138787,5.005947412229177,1.1412123468107207,30.06,0.2,19.1779527845923,274913493.1561115,255.59136787866007,1175.4719486000438,12.642587925036583,7.186018189901414,3.960474991391953,4.0106639384894915,1122.3771546872197,1956.217472939395,19.177362921040537,1175.5440670584983,1122.446373743822,4.012727243172379,12.634860136898878,True,255.59922944089246,3.9637115533023737,True,0.000589863551763159,101.99873240972198,-0.0032365619104206544
0.7591506213285353,2.6019,893.5764828962499,5.129357111137491,0.8501779916221359,30.06,0.2,11.169600179895177,141343511.0688259,218.54079277440735,1168.084378591847,13.010783999976187,7.305179490044495,5.1683342459101675,7.694397795543245,1124.4840978106397,926.6185168357487,11.169112389325148,1168.1549468039727,1124.4951645990286,7.694429921427591,13.006574029224133,True,218.55033714410888,5.180709482137068,True,0.00048779057002867887,82.95304787006876,-0.012375236226900732
0.7076834427784164,3.1947,897.8434169799439,5.533773904427862,0.8530339243011271,30.06,0.2,10.967962067445713,132203636.98385644,223.44045876158722,1148.5850933971399,12.988096617004487,7.823419399924287,1.5959613531754946,6.770561415369071,1108.5513042155976,1034.2189369170092,10.967728490430055,1148.6290111395642,1108.5473423660906,6.769629592863111,12.986555305445858,True,223.4452173180723,1.5992161209385252,True,0.00023357701565807076,94.29178952267478,-0.003254767763030575
0.9209940212800245,2.6615,899.5646571495504,6.768412445342032,0.8785021170485138,30.06,0.2,13.541564778261415,177189380.0095548,225.251801522492,1167.2512009708935,12.946147590241537,7.339229552698452,3.941570564154871,7.788358500541335,1119.901748738076,1151.804218777393,13.54146588709202,1167.2778558813686,1119.9098037307365,7.787652858012789,12.944468257565394,True,225.25344650053552,3.944939530391497,True,9.889116939554299e-05,85.05592769400482,-0.003368966236626303
1.0987074536010384,2.604,899.9045228878771,5.022102184874601,0.9291371822091256,30.06,0.2,16.227744985233628,223563024.28299794,230.7494255064132,1179.4954830176614,12.874563465538548,7.038391663381653,6.575334825066254,7.588740800629306,1124.8174788027013,1349.2247152894022,16.227709148018512,1179.5487928928922,1124.821920508328,7.587659755717642,12.873658949416006,True,230.74993509262305,6.593274823237214,True,3.5837215115464005e-05,83.14275499800593,-0.01793999817095937
1.099300727458471,3.003,899.8885770309821,5.015073028366702,0.899874676032383,30.06,0.2,16.470602990206636,216638984.26008248,233.51840301376413,1160.7437331866834,12.820146331946836,7.533634091073161,2.071209932750447,7.597865830899058,1105.1849318914335,1525.0569327316125,16.47114795054136,1160.7515986952367,1105.1849023990048,7.597524252271791,12.817540543571505,True,233.51067688153262,2.0696979573909604,True,-0.0005449603347251752,92.59732203113109,0.0015119753594867724
1.0832844764663276,3.72,899.5149149874635,5.051366488546947,1.0384886054313243,30.06,0.2,18.045916446385135,246366878.29146978,246.70733656631066,1166.0901923734032,12.708384032552173,7.415642553799952,2.4805398832376895,5.120226966642564,1111.5888115767714,1812.4148578343961,18.045935262383516,1166.106825544604,1111.618023759164,5.121387059364944,12.705441507153864,True,246.70707933138337,2.4797195518650126,True,-1.8815998380716792e-05,100.43366960631866,0.0008203313726768968
0.9445958144848555,2.5723,897.7075800720766,5.679543791863776,0.8879444550845544,30.06,0.2,13.852069402639914,183683388.15262052,224.7976084936803,1173.769160297544,12.947049624743181,7.170804371704218,5.6786967803559,7.76311219116763,1124.7633785462556,1145.8757727667155,13.852013830850522,1173.8027202164335,1124.777088217356,7.762200292964545,12.943975246504504,True,224.79851034127498,5.68227193807776,True,5.5571789392416804e-05,82.72178286519974,-0.0035751577218601227
0.9935023171521654,2.6709,895.9194969343147,5.002214606168681,0.894832129363187,30.06,0.2,14.660619806300657,194692184.83006617,227.02828010919453,1171.5458668961792,12.917346275566217,7.233699473061407,4.642115114634435,7.691344153011323,1120.3924060610245,1242.3876053513789,14.6608194802496,1171.5717602714087,1120.3955071007663,7.6904498379429125,12.91149042761779,True,227.02518808331752,4.637133040918561,True,-0.0001996739489431576,84.74512210305434,0.004982073715873447
1.0967752399881614,3.9797,884.6081704264906,5.082705008687211,1.0813919582802218,30.06,0.2,18.595027859524563,259740001.31410217,253.2517050896284,1163.5195751974395,12.658109438167848,7.492638189325454,2.0161957156566337,4.812574969825707,1107.938970007781,1926.293926105501,18.59652478066459,1163.5230521320334,1107.9522488907398,4.813342063058931,12.645067617388579,True,253.2313196770006,2.0045617270337246,True,-0.0014969211400277516,103.60392851140779,0.011633988622909097
0.9413122800157558,3.7994,898.2414009999962,5.382132131110102,0.8871944126376317,30.06,0.2,14.968205148802442,182890264.33522472,238.01539011554704,1137.539630392791,12.810402777757186,8.157602576257059,0.5417456180293655,6.543688212623318,1087.3088950037566,1603.124641372917,14.968382245285136,1137.5506452267093,1087.3113283852854,6.543325065602101,12.807791794351221,True,238.0125740671775,0.5414650595871211,True,-0.00017709648269459421,107.10354444391024,0.0002805584422443941
0.9413122800157558,2.6011,897.7075800720766,5.679543791863776,0.8871944126376317,30.06,0.2,13.836015791613875,182890264.33522472,224.93762546693438,1172.5735741630212,12.945464020040408,7.201831043978668,5.293289136950684,7.727078632535778,1123.7103518632546,1152.7019916397949,13.83597819870211,1172.6063332327742,1123.7208023670057,7.726254689430938,12.942419520775909,True,224.93823663155067,5.296447101720456,True,3.7592911764861014e-05,83.31131482178958,-0.003157964769771482
0.7514577467891081,2.6616,891.8502751620695,5.83673047691058,0.8500598570241462,30.06,0.2,11.087021917010018,139891761.50480843,219.40500943716302,1164.3509830743124,13.008406209507841,7.402680481494812,4.159798775047323,7.680755705341517,1121.6133396659257,933.7078464943831,11.086619111209872,1164.405112280068,1121.6205074632908,7.6806964666891995,13.005471604221286,True,219.41298099363988,4.168060507782721,True,0.00040280580014595557,84.2113776543475,-0.008261732735398652
1.0979001946724132,3.0241,899.9876962687867,6.17545405987241,0.9267593350485733,30.06,0.2,16.63620494735443,222827042.7360513,235.62585087377693,1162.748931777436,12.813557053390534,7.482332914610247,2.30770628935554,7.28077481813109,1108.428561303176,1532.4873452875174,16.636716119604454,1162.7534968483096,1108.427845493925,7.280588618397108,12.81533144024212,True,235.6186111399563,2.310112242522171,True,-0.0005111722500252824,92.12201372348184,-0.0024059531666309475
1.0998676709241977,3.9527,899.6907346269413,5.169717949504843,1.124718038803485,30.06,0.2,19.053104585318906,270908207.4049759,254.29840506553393,1173.8656220624728,12.652608665139864,7.225313017621964,3.6415723365551145,4.167708607227136,1120.4860652658601,1942.5861711115238,19.05276412329637,1173.919686830118,1120.5542626838255,4.169976459943531,12.641781844282841,True,254.30294923291854,3.635568055386978,True,0.0003404620225353483,101.95368921756906,0.0060042811681366715
1.0973952906109792,3.9912,898.5383753813222,5.002902098611674,0.9469024927267369,30.06,0.2,17.78909425063933,227565497.6485848,246.86739122305016,1144.24561013007,12.663189879143745,8.004573028117424,0.6483967748854691,6.124190454810985,1086.0069100774188,1953.3455293557404,17.792410175927426,1144.2886735555448,1086.035988899018,6.126316243665771,12.654234771577793,True,246.8213831883169,0.6473395304203025,True,-0.003315925288095656,109.83133279071018,0.0010572444651666402
1.0804273320095288,3.9864,857.9146954740368,24.839065564585827,1.1314317053580767,30.06,0.2,17.145712518789974,267708383.62625322,275.84517116356034,1120.432030786441,12.633398470484243,8.668787745219568,0.14575532405965697,6.731370055012131,1081.4220918601013,1861.2578941855345,17.14603944945293,1120.4247392625211,1081.4196530572863,6.729943572307412,12.658497124224317,True,275.8399115089942,0.14741674369124402,True,-0.0003269306629540836,108.55848558598794,-0.0016614196315870577
0.7246251550643232,3.0618,897.8016495776268,5.041039009504104,0.8533203988865015,30.06,0.2,11.124944857113837,135414010.06293592,222.14992389518105,1153.5111602265301,12.99119279702537,7.691355945866885,2.1326220605281008,6.920807349722181,1112.3241865562024,1020.5412598144684,11.124715148375325,1153.5565751865138,1112.3230235626643,6.919708452867476,12.988592536505054,True,222.15451095903825,2.1361082774711244,True,0.0002297087385123575,91.73180763956225,-0.0034862169430236456
0.9609801756801777,2.733,897.9970607480686,5.006245286481837,0.8893083903015533,30.06,0.2,14.282395529671103,187156486.47830003,226.3536780765155,1169.131882841088,12.924671667287706,7.294629241017372,4.141306873333094,7.546210473872528,1119.1793997662098,1227.6246904742798,14.282493275273753,1169.1601143064518,1119.180677783893,7.545413912224295,12.921224439054603,True,226.35212897187046,4.1419043974796494,True,-9.774560265007892e-05,85.95465734797799,-0.0005975241465554504
0.9518873514557052,2.6122,899.6711811061452,5.083266176123893,0.888264402720332,30.06,0.2,14.0338607244992,185167975.903042,224.86723348473353,1173.6900745189544,12.94100575402145,7.17399448120775,5.5641146077466725,7.6490439468417675,1124.053277128087,1171.8128372670296,14.033869218601735,1173.734204388913,1124.0609576284949,7.648119562913784,12.93691922631579,True,224.86709738218704,5.568578659502094,True,-8.494102534228887e-06,83.49904998110856,-0.00446405175542175
0.6116201130601029,2.6987,843.226289756345,5.205903118590738,0.8570027988262346,30.06,0.2,9.017103867546208,114789473.55597939,218.21769253948077,1158.5846659768577,13.045209833325961,7.546676686387663,3.6713344670098222,7.736837904045448,1119.4077947120863,737.8043826935533,9.018675203473817,1158.5961234538352,1119.3954875403208,7.737109680459462,13.045354092224184,True,218.17967217700055,3.6734813418245267,True,-0.0015713359276094963,81.84653059792649,-0.002146874814704436
0.8382797647543754,3.8742,897.6924144896575,6.413895903861178,0.8532723860942617,30.06,0.2,13.275357548181594,156644351.4958421,235.80341327591233,1127.5962127347705,12.868590183287298,8.420309944628219,0.3335888596504911,6.720663689908478,1082.4571647850205,1452.0422848639155,13.27468682551008,1127.635550163178,1082.463246961813,6.720367899459218,12.869106958526807,True,235.81532758299792,0.3345275286476188,True,0.0006707226715132464,109.3723825844624,-0.0009386689971276896
0.6610115635980521,3.1717,897.8021883016321,5.08430876474956,0.8530339243011271,30.06,0.2,10.295034979488292,123484777.95800348,221.75433321509166,1150.5334814058929,13.00600028798034,7.7677948152918255,1.932613764637961,6.601124365667451,1111.914012659956,959.9174248952908,10.295177730368088,1150.5934198429386,1111.9066927391111,6.59936719293183,13.004801265614564,True,221.7512584137629,1.9386789727898897,True,-0.0001427508797959831,93.24259431576948,-0.0060652081519285694
1.0988208353571307,3.355,899.9252744076372,5.123958379514631,0.9301519995896739,30.06,0.2,17.087915243459197,223830299.04137018,238.5924949968971,1156.2219131813679,12.76478294829596,7.663773090642508,1.479467871519144,6.826574129217775,1100.124712029228,1678.8665567891878,17.08871505414436,1156.2209297912837,1100.126484727261,6.82702265139878,12.763016962716035,True,238.58132804687813,1.478125914820691,True,-0.0007998106851623277,98.25533284955097,0.0013419566984531617
1.0936950197142181,2.5961,899.8606612090181,5.006297693088417,0.9257974349094497,30.06,0.2,16.12777709436088,221743180.72601414,230.37208718932436,1179.2771009128865,12.878306516785921,7.043229086145306,6.54280703191354,7.627896712339292,1124.7457912462353,1339.5698774590844,16.127706594056693,1179.3336639950462,1124.7510074984687,7.626772294117981,12.87694934424929,True,230.37309423283227,6.5606187474195385,True,7.050030418653819e-05,83.05915217049568,-0.01781171550599847
0.897233243374989,2.6768,899.6347037669891,5.138926751158613,0.8883122616691848,30.06,0.2,13.387198706990688,174545669.46254045,223.92789388887388,1172.1093582443814,12.955558335036063,7.211837701431449,5.346139650668203,7.36213580216933,1124.5484008150386,1127.635038715347,13.387224423455654,1172.1482126075075,1124.553326320535,7.3613831505119505,12.951402373794735,True,223.92746372996595,5.348616515425633,True,-2.571646496640767e-05,84.23260577998934,-0.0024768647574298086
1.09909500380629,3.9975,896.5739107973957,5.786967444965134,1.1478928806873105,30.06,0.2,19.15007400894835,276296040.494706,256.73400939746705,1174.1460143996376,12.639632858085994,7.220638607950438,3.662339875315283,4.0348215228715265,1121.844700833687,1956.1605609893998,19.149936584584776,1174.1992796251761,1121.8923403778756,4.0358804816181815,12.635073107016979,True,256.7358517799571,3.6664009185541895,True,0.00013742436357588872,102.1478724402765,-0.004061043238906326
0.7839204448354211,3.5031,899.722780056156,5.010987298860206,0.8642530355621545,30.06,0.2,12.378439400185544,148371664.8653416,228.9131216300255,1142.3953840765384,12.933457354234061,8.000971619275113,0.939572281491135,6.5024766875529165,1099.3609067357745,1243.8907947330563,12.378172397164885,1142.397096854703,1099.353135738047,6.501955696691517,12.93130515997202,True,228.9180593940978,0.9387746784159785,True,0.0002670030206584073,100.48572877551786,0.0007976030751565277
1.0560243191107046,3.9124,887.5923939980937,5.511630130192853,0.8554434645212132,30.06,0.2,16.24747162777158,197835077.53987178,243.1469871566675,1125.4963048487466,12.719188291527292,8.509025259294429,0.2222064513372956,7.599209600674774,1069.0774374732139,1830.8622301360422,16.24643722319608,1125.5561533728574,1069.1048171751363,7.599468683688565,12.713220838562865,True,243.16246823430805,0.22245751350931345,True,0.0010344045755026343,112.67767157997736,-0.00025106217201784076
1.0974021731398529,3.9989,854.8498918634737,24.845477048386826,1.111696568820312,30.06,0.2,17.213053962488683,267171510.79253313,276.17644497587827,1116.4917435040916,12.686325362716003,8.769550464593166,0.11512226228218618,7.081186032133112,1076.2759942779896,1891.28814918951,17.213413633971406,1116.5149967803782,1076.2660883713318,7.079337931949725,12.643027731901734,True,276.1706743139068,0.11296116814030001,True,-0.0003596714827232006,109.87869821754785,0.0021610941418861718
1.0321391996543803,2.5961,899.8606612090181,5.070115024867745,0.905377579952339,30.06,0.2,15.180222642514718,204647325.54862252,227.7190275418375,1176.3485464283835,12.907711422455472,7.1122758382794125,5.929440708962732,7.705165511505985,1123.9572361322369,1264.1756214296506,15.180367654244488,1176.4024755023693,1123.9632125698352,7.704025947976039,12.903393406960967,True,227.71685223680947,5.936897532188024,True,-0.00014501172977077204,83.27918480987898,-0.00745682322529273
0.9102657810291779,3.1213,891.7309672621085,5.0582450141567925,0.8502304909188433,30.06,0.2,13.640971080580844,169489562.1085095,228.21833092057858,1147.5696090319125,12.910813599335464,7.865823145205038,1.1638560723362388,7.707263021586669,1099.1778542107104,1297.1600581262965,13.640447379001161,1147.5650104781603,1099.1754893555706,7.707032567743802,12.904654699594488,True,228.2270929719318,1.1603286322623183,True,0.0005237015796826228,95.08782987738473,0.0035274400739204737
1.0560243191107046,3.9906,890.6380507735042,5.511630130192853,0.8554434645212132,30.06,0.2,16.347855760613633,197835077.53987178,243.92534576612434,1124.528898308009,12.706665329950662,8.538640495391551,0.20628441491155747,7.474980493821081,1067.8526063682498,1867.9948238723532,16.346975464122014,1124.6125522823704,1067.888634748238,7.4751355415123495,12.69940213522334,True,243.9384813230086,0.20670788582878988,True,0.0008802964916192479,114.25845113339906,-0.00042347091723241026
0.8031051911148301,2.8874,890.4560251678872,5.195922998641403,0.8527081076630264,30.06,0.2,12.006140196808426,149972244.29562655,222.84750697836623,1156.5379436797075,12.976678694112907,7.613958006326687,2.3615997467241967,7.537106007809602,1112.2171191637376,1068.69293669551,12.005692422278337,1156.5675205016832,1112.2154400994255,7.537018950135028,12.9727917016492,True,222.85581848879053,2.3618307073551232,True,0.00044777453008926216,89.00720705411865,-0.00023096063092653552
0.7183375709906599,3.7427,898.5473623700827,5.000413312766736,0.8792942624970795,30.06,0.2,11.674488826875244,138325066.06973243,230.37242207145275,1139.389787409037,12.945800155265353,8.080203027677143,0.8300931092128118,5.856906246593619,1099.5062408037256,1207.4259881748012,11.674384422172196,1139.4140256857968,1099.5038381270012,5.855942685868752,12.944377832150016,True,230.37448230550424,0.8308255774211812,True,0.00010440470304828864,103.42317783517264,-0.0007324682083694745
0.9042264621416964,2.6763,899.8136155825512,6.02372503973641,0.8845105901197426,30.06,0.2,13.41623977350019,175153296.2003637,224.58283986683108,1169.6386423955753,12.951580099284131,7.276337591319287,4.598321236449414,7.530693019619828,1122.4194938028568,1136.414769377392,13.416168417891567,1169.671331506352,1122.4251135805287,7.530060140684916,12.949102667867768,True,224.58403433940518,4.602245280609304,True,7.135560862181478e-05,84.70367311554361,-0.0039240441598895615
0.9271718472192788,2.683,899.5646571495504,6.02372503973641,0.8785021170485138,30.06,0.2,13.675260805225987,178377927.51658645,225.1276717965556,1167.720131641842,12.943005585009324,7.327668069723575,4.008335110360908,7.718611437421875,1119.6336464360932,1167.487545756362,13.675211849794142,1167.7560979176712,1119.6408054196252,7.71777661273155,12.93985791710578,True,225.12847772355067,4.0113560831358726,True,4.8955431845243425e-05,85.37173225229,-0.003020972774964825
1.0426992445841052,2.9348,899.8885770309821,5.857755298235453,0.8907143739518971,30.06,0.2,15.54684484105725,203392804.61255506,231.38782188612365,1160.1542169921827,12.859656860458351,7.5414107480287385,2.1553345857993214,7.671923136913323,1107.647320168179,1418.1419441249507,15.547085608412324,1160.1695855840217,1107.6460869268792,7.671232051328398,12.856971649149868,True,231.38423853711052,2.1547061722266316,True,-0.00024076735507350122,91.21951795206263,0.0006284135726897233
1.0992773429386646,3.9749,889.5101608643724,5.187410805178914,1.0250061084129294,30.06,0.2,18.28011125886293,246758314.77493,250.53441735660772,1155.4247552998318,12.656600992205657,7.706286255776654,1.2540146778194456,5.371148751769504,1098.5009693232678,1935.9579365789389,18.28212411097326,1155.4515423988064,1098.5224473412516,5.372543447175308,12.650350056503932,True,250.50683365092752,1.2523502989761366,True,-0.0020128521103295327,105.92107424472223,0.0016643788433090556
0.6636226958960679,3.1947,897.8021883016321,5.08430876474956,0.8530339243011271,30.06,0.2,10.348191622167349,123972568.35350634,222.07484737843856,1149.7586198957697,13.003822207574894,7.788928470568223,1.8313644416056647,6.587774235356963,1111.0974785088908,969.7955570623681,10.34836053686494,1149.8167028475482,1111.0931265829254,6.585902908173383,13.002615000982088,True,222.0712224848572,1.836899174783325,True,-0.00016891469759094946,93.71852336542858,-0.005534733177660289
1.099491416512785,3.9898,889.8570969172374,23.05426135483941,1.1215593462328584,30.06,0.2,17.813387564436972,270054965.617734,271.5263107513817,1129.6670882630092,12.764982982235345,8.3835987832677,0.27053434647015756,6.132714512117625,1089.0077546280977,1943.3573471661036,17.81549920897487,1129.7940977839878,1089.002026967363,6.13022964292523,12.629303009283673,True,271.49412714292544,0.2560016555687941,True,-0.0021116445378979165,109.1145800302811,0.014532690901363443
0.9271718472192788,2.7172,899.5646571495504,6.02372503973641,0.8785021170485138,30.06,0.2,13.711433322355802,178377927.51658645,225.45689975577417,1166.474646074373,12.939554947269343,7.360673655360202,3.7051961048155757,7.678052817289757,1118.4198692621242,1180.1451675314993,13.711345735630058,1166.508447651548,1118.4244872344661,7.6773253433952275,12.936564876021523,True,225.45833995223825,3.7077891500423106,True,8.758672574415982e-05,86.06926287572199,-0.002593045226734869
1.0979001946724132,3.9468,897.2923012557676,5.005944319113011,0.9573366589524245,30.06,0.2,17.825850356100553,230178956.4450407,246.78395117014244,1146.727738662569,12.669164542567335,7.9363560129398465,0.7571142858747775,6.045234182702473,1088.765693578591,1932.9306790778921,17.82856120533835,1146.7570703568963,1088.791510410242,6.047267811199716,12.662196577827936,True,246.74642744188276,0.7559517378209547,True,-0.002710849237796964,108.45517206317527,0.001162548053822765
1.033062731552915,2.9348,899.8885770309821,5.050753067473282,0.8907143739518971,30.06,0.2,15.462402406574745,201513070.43006703,230.5013249898971,1161.8646060931317,12.86630834315263,7.4952137588795225,2.410332628585719,7.556493841915231,1109.0909183649553,1405.0356304917339,15.46262626840814,1161.8672020218316,1109.0882883745708,7.555761475436337,12.861421521152955,True,230.4979878821952,2.405397650340571,True,-0.0002238618333958442,90.86989535611394,0.004934978245147992
0.9153592549981742,2.8231,899.4522162841264,5.017575161676065,0.884187465398415,30.06,0.2,13.749045785439444,177245001.31953454,225.66987659083907,1165.8995320732352,12.934985845273204,7.376513245070328,3.5627217652898033,7.3274535568236825,1117.677079404934,1203.691880075474,13.748965202460553,1165.9276452829918,1117.6762151715673,7.326821704359214,12.930687951103776,True,225.67119924680873,3.561927864723482,True,8.058297889057542e-05,87.54649365969445,0.0007939005663213372
1.0974021731398529,3.9983,899.3910490921829,5.034140907183694,1.114734522393454,30.06,0.2,18.996862732920285,267901615.27303466,254.15405953927342,1171.6752293190975,12.64912123669179,7.282425354737796,3.2022886117278304,4.223552233971046,1117.7892103470156,1957.7553327280834,18.997057162863673,1171.7316138671088,1117.8492153928914,4.225903319579888,12.635380839546158,True,254.15145833851983,3.193168467441849,True,-0.00019442994338803032,103.0583174595431,0.009120144285981624
0.7732232546179284,2.6814,899.6664986436919,5.0013080412143625,0.858683726083535,30.06,0.2,11.529464186203509,145403949.88611656,219.5354165075286,1168.0037854789905,13.000801145322932,7.30918586083833,4.961039955472331,7.385149345734086,1124.2797626438505,973.2262591612866,11.529169342958765,1168.0637924879861,1124.285918342165,7.384411475731448,12.996537406500362,True,219.54103083520596,4.969576023567903,True,0.00029484324474360335,84.40864226017189,-0.008536068095572169
1.0988208353571307,3.4418,899.9252744076372,5.123958379514631,0.9301519995896739,30.06,0.2,17.17547287976015,223830299.04137018,239.5933593764224,1153.9812935166087,12.751370968283657,7.72588048340738,1.2757880321416841,6.7528538640858065,1097.606481249386,1716.947470697118,17.176419559291194,1153.9804751300815,1097.6100807840717,6.753502691655203,12.748893805616394,True,239.58015417214145,1.274217904841616,True,-0.0009466795310437703,99.97277272476427,0.0015701273000681137
0.6636226958960679,3.0195,897.7686204566836,5.08430876474956,0.8530339243011271,30.06,0.2,10.227295810468295,123972568.35350634,220.16438081282078,1155.5929633791743,13.013604252830321,7.631784332673231,2.6608632786598085,6.762213156220494,1116.4792247044638,923.4087314280259,10.227456088143544,1155.6577113431063,1116.4718946184512,6.760374102740728,13.012122205177663,True,220.16093054768885,2.669574487172907,True,-0.00016027767524917635,90.29068527937099,-0.008711208513098256
1.099179899712795,3.9564,893.997661156628,15.957666996323269,1.1070239861322975,30.06,0.2,18.1959114742757,266479542.53148222,263.2229799909501,1145.1139148654988,12.67110441174744,7.979510776506906,0.6715573682186673,5.4846396361808205,1099.0181455231252,1934.4440862159195,18.198204473353083,1145.1198803834354,1099.0060196836403,5.483049419359176,12.637188575653333,True,263.18981352932747,0.6613048100506905,True,-0.0022929990773832287,106.33178999057841,0.010252558167976766
1.0973952468636834,3.9898,899.4641390321366,5.038467386235667,0.9271583672189376,30.06,0.2,17.638331517055377,222820457.69743207,246.13962565239626,1140.889518460145,12.665202293459469,8.095255792293088,0.5307065123411012,6.371058179656253,1082.4460027950759,1954.1302699826724,17.641807075339717,1140.9408560675395,1082.4749308146147,6.373025479895385,12.654566160883977,True,246.09113443993786,0.529700579024444,True,-0.0034755582843395416,110.81550400414787,0.0010059333166572149
1.0151694479365803,3.9835,857.9146954740368,24.91624493593158,1.0789626311188942,30.06,0.2,16.00822908923326,239873906.35669762,269.72188180156456,1115.9272983888247,12.766142027725053,8.769278577376415,0.12386421143666908,6.914518488819501,1078.7174714198861,1747.6921061510664,16.00847820227428,1115.9268095340574,1078.7144439709589,6.913673710908795,12.713041090297951,True,269.71768457323617,0.12080247582110763,True,-0.0002491130410184894,109.17710448835618,0.003061735615561445
0.7840364987935319,2.6462,899.6110829675213,5.042189788886648,0.858683726083535,30.06,0.2,11.641497941785971,147437370.89980906,219.51296432681548,1169.103275337679,12.999919497614462,7.280888321760457,5.244094663944286,7.471575322875133,1124.9476777826217,975.7736056222917,11.641095568791684,1169.1633893451028,1124.9538146066948,7.471132038263205,12.995456658559782,True,219.52055176463173,5.252709503940899,True,0.0004023729942872478,83.81387076223652,-0.008614839996613277
1.0999259621740423,3.9402,804.2144223644827,23.25364588774525,1.1309748747702009,30.06,0.2,16.83916966880759,272429714.4519497,280.04623802959014,1111.7529095563518,12.72950781926442,8.895924382365138,0.08796758210545874,7.7477529019108955,1070.3593884582365,1796.8563195920833,16.834707771453893,1111.8759226698646,1070.352467598195,7.751950106974931,12.668193774965758,True,280.1204619237819,0.0861703988740474,True,0.004461897353696287,106.66100097493009,0.0017971832314113423
0.6010837916410586,2.8465,899.8434943266373,5.219802471177306,0.8512075036591021,30.06,0.2,9.207959060508946,112049139.5572328,216.85813150389154,1162.5504887955262,13.038902278764763,7.443823876321638,4.5559657882575415,6.7509820553286914,1124.871678177549,796.294301570233,9.210139021717666,1162.6441671792238,1124.831083042338,6.748163545515122,13.040438835144494,True,216.80680303714863,4.583776031247692,True,-0.0021799612087196607,86.50977384878951,-0.027810242990150336
0.7685200092920759,2.8296,899.8442656579508,5.027933734859384,0.8535495153977003,30.06,0.2,11.561042268870564,143655402.93683842,220.74896428374822,1161.4355885477505,12.992049219773424,7.4820573595659,3.322870082992644,7.28648369719786,1118.2182363861812,1012.9230754276855,11.560627896878037,1161.491347687201,1118.2157951562695,7.285905514408158,12.988201854985602,True,220.7568766730228,3.328482684823897,True,0.00041437199252669643,87.6104319137392,-0.005612601831253006
0.7056261280218101,2.743,899.5459849268996,5.030562046042794,0.8500062473004442,30.06,0.2,10.599818110463975,131351439.42077228,218.18693237495137,1164.7495724850723,13.01663198550649,7.3907058122814995,4.4726352780501335,7.231175723098833,1123.3168415218129,905.4049463177425,10.59969272177303,1164.8250720437425,1123.3172100636145,7.2299816560428924,13.0138901826547,True,218.18951340956718,4.4875355492756395,True,0.00012538869094491645,85.41545608054818,-0.014900271225505968
1.099184072262522,3.9648,854.4964830971209,8.674453299255,1.1251153060994097,30.06,0.2,18.353080442554063,270835459.7145745,260.5059365302746,1155.2525478215377,12.659317059531483,7.710318820362378,1.2374849382540187,5.241872562210739,1102.5290573099376,1879.2779119611428,18.355047207675284,1155.2067637113669,1102.4995856953437,5.240413712742535,12.650860356207552,True,260.47802300959324,1.2291367086765725,True,-0.001966765121220959,102.41271758565324,0.008348229577446187
1.0987085154024778,3.9065,899.9559209911017,15.968188825879842,1.1070239861322975,30.06,0.2,18.212696770789883,266365262.5347295,262.1568710550388,1147.5217625402177,12.680033231842199,7.912809377887154,0.7823193556380748,5.407831883635012,1101.8284939825003,1920.6700717466683,18.214252888333075,1147.5217754123664,1101.820929777395,5.407170254795109,12.64513539040992,True,262.13447392963275,0.7698056213015345,True,-0.0015561175431919594,105.47114012473767,0.012513734336540239
1.000879866825947,2.5975,899.623582632256,5.002214606168681,0.894832129363187,30.06,0.2,14.70099022579979,196137930.08891785,226.35750908628776,1174.8591355569934,12.922117681347457,7.147632928259036,5.644015439796765,7.746226059824125,1123.451761877103,1226.2017062326408,14.701060458809893,1174.9039988340332,1123.4588607389126,7.7451641845231585,12.91610381874608,True,226.35642768340074,5.643924354357418,True,-7.02330101027826e-05,83.4101463249904,9.108543934654989e-05
1.096689101555027,3.0015,899.9306010169197,5.012923416549654,0.8960826442986001,30.06,0.2,16.40388663217174,215213573.43630067,233.2796086500314,1160.114694954226,12.822192385829423,7.5497682199062055,2.003792427932346,7.646831012947398,1104.63899308622,1520.8325385035698,16.404251322964353,1160.1214095593132,1104.636188044902,7.646688819931496,12.819220315803234,True,233.27442249897192,2.0018816301794553,True,-0.00036469079261181037,92.71484467564892,0.0019107977528904918
1.0940384566332406,3.9992,898.3387749147703,6.169013478297586,1.1290798885768716,30.06,0.2,18.956801934910413,270517475.00332123,255.79011921306744,1170.9300028356738,12.647716972741676,7.301947787572654,3.0679964317519044,4.196522271896812,1118.5646002278356,1950.561108936515,18.9569297134978,1170.9674568438568,1118.6048996851614,4.197800477015377,12.63911481165645,True,255.78839506782901,3.062916385619651,True,-0.0001277785873874393,102.89608195612735,0.005080046132253546
1.0998074354340126,3.9901,899.9600438009477,5.238220283473308,1.0349123950085566,30.06,0.2,18.484290864956556,249263279.77944633,250.48220713104016,1158.9906085553785,12.65048011173589,7.6131460524795,1.5368053505250823,5.073344239916809,1102.6486122194342,1959.3079754695161,18.486649934373553,1159.0312324994936,1102.6878430292766,5.075590343120457,12.64338155250402,True,250.45024325892476,1.5354326188843774,True,-0.0023590694169968174,106.0169845451382,0.0013727316407048384
0.6638269403778966,3.2064,883.0184647590681,5.072864729052453,0.8613734886342123,30.06,0.2,10.323512562883034,125223096.76713686,223.10917382233237,1148.1519579724531,13.004687703607603,7.831787680373168,1.663230878544124,6.678429764440426,1109.4142623909058,961.5943220585507,10.323620634289927,1148.1882328864801,1109.4139572105487,6.677287160594961,13.003006743257664,True,223.106838234542,1.6656824932983851,True,-0.0001080714068937283,93.14740126994195,-0.0024516147542610334
1.0973952906109792,3.9898,899.4641390321366,6.68876469549124,0.9181076477676022,30.06,0.2,17.47360650263176,220645341.3778268,247.1262916605791,1135.9777473116133,12.659488243668795,8.230685577726192,0.39219276807204806,6.644659366622655,1078.801481591282,1954.1303478834245,17.476839472173676,1136.0111465685238,1078.8302492994221,6.645984864673711,12.655772753875214,True,247.08057677172766,0.3922715730934031,True,-0.0032329695419157645,111.85828551952852,-7.880502135504397e-05
0.6372473456334495,3.1671,897.8021883016321,5.08430876474956,0.8530339243011271,30.06,0.2,9.947961963026506,119045340.97942595,221.12308906056285,1150.965011476971,13.013962795237028,7.754721938082106,2.0611597646342616,6.526508606909171,1113.183281096976,924.2382829132664,9.948474929383947,1151.0335405925696,1113.1702489756658,6.524352905387869,13.013223239828035,True,221.11168744309418,2.069063419734055,True,-0.0005129663574408028,92.91391074310602,-0.007903655099793294
0.7382518762763554,2.7175,893.9709995054924,5.059541012862388,0.8500393172826747,30.06,0.2,10.992250484878056,137430029.08194396,219.04771419067265,1164.0676356494323,13.009324660530368,7.409894075601745,4.126549113380167,7.469151768675775,1121.4657276849061,935.3627452173091,10.991896992777923,1164.1340668689325,1121.4692050243998,7.468699435748693,13.005799976679551,True,219.05475861954326,4.136705907049752,True,0.0003534921001335789,85.08861702354989,-0.010156793669584552
1.0974021731398529,3.9983,898.7914977724636,5.034140907183694,1.1014594753686549,30.06,0.2,18.905731318702507,264711253.3802916,253.52315963067193,1169.5238142770404,12.650697690284732,7.337749254936867,2.8328590967442366,4.362794615617972,1115.1243160147949,1956.8487385428848,18.90643457390112,1169.568935390383,1115.1760548786033,4.36503693120235,12.635799612464185,True,253.51372942957917,2.8213462580215714,True,-0.0007032551986121405,103.51116295213004,0.011512838722665286
0.8526464192993375,3.8088,898.7955773262921,5.011825405318041,0.8533907627221023,30.06,0.2,13.492334694865765,159351066.85097724,234.4500843629415,1131.6622248496083,12.868654840739781,8.307548958195436,0.42553143323850146,6.694052494706997,1085.0383731077818,1455.946148346708,13.491639215203534,1131.6944311071088,1085.0411328229975,6.693744835746935,12.866618136553733,True,234.46217001560993,0.4260265489144802,True,0.0006954796622302695,107.90261063612822,-0.0004951156759787634
1.0426992445841052,2.9481,899.8885770309821,7.233674086892005,0.8907143739518971,30.06,0.2,15.492652714871461,203392804.61255506,232.5545837046392,1157.0453252914401,12.855467850002311,7.624185333929308,1.78754338199693,7.79054569203735,1105.6302817296973,1423.6787817386767,15.492868716384532,1157.068558724559,1105.6300087707875,7.789940222273252,12.855785427658072,True,232.55134142957246,1.7903040639760914,True,-0.0002160015130705517,91.89576442837597,-0.002760681979161461
0.9682405655331816,3.9699,899.0537298776178,6.762580547252769,0.8878597859870382,30.06,0.2,15.431063063147622,188263325.12547144,241.915674375517,1131.3686238792181,12.765333215517845,8.336388723510254,0.3481634206713146,6.6074321131074285,1080.3842469867966,1715.9089723367226,15.43107453546521,1131.3976215835542,1080.4006903128334,6.607455708187332,12.766795301344013,True,241.9154945219728,0.34904314739072795,True,-1.1472317588356873e-05,111.1984615022429,-0.0008797267194133318
1.0839956819630676,2.5774,899.6254830104479,5.073034620000015,0.9192974453103122,30.06,0.2,15.923195980067842,218233627.00950003,229.6995354432107,1178.7354644549812,12.885835343831253,7.055571848852804,6.441182747614198,7.7222734715025405,1124.5655764532564,1319.3332871481405,15.922995888470513,1178.7961430547443,1124.5725438552895,7.721128958001254,12.883731588145354,True,229.70242189418227,6.45821873126667,True,0.0002000915973283668,82.85421508878579,-0.017035983652472275
1.092194324437396,2.8551,899.8514198156786,5.009503555253352,0.9258881436894395,30.06,0.2,16.424994600223343,221460615.92125133,232.78253422791525,1170.3594567095663,12.84305744856542,7.278658296306773,3.7359768673576834,7.329524745650001,1115.6018587746248,1450.659554277835,16.42561062519156,1170.3812438278214,1115.5982734764225,7.329050049659154,12.842287973750365,True,232.77380396780367,3.739399098124836,True,-0.0006160249682167773,88.32566333369812,-0.0034222307671525343
1.0908444877022463,2.6208,897.7869421275881,5.020596882652025,0.9184303756863351,30.06,0.2,16.043246191448954,219405315.76636416,230.3302336370434,1176.6123509615898,12.877229246579505,7.111386365555511,5.62197741595695,7.737033469592339,1122.0870671053658,1344.4734032191427,16.04326370965853,1176.663615697197,1122.0910606391801,7.73601755666635,12.875373834372306,True,230.3299821312789,5.6343287130696575,True,-1.751820957451855e-05,83.8032374536754,-0.012351297112707549
1.0996228598172644,3.9982,812.2992188619869,24.999435702624663,1.149982245007631,30.06,0.2,16.96441321319133,276931883.8862627,282.9023130165624,1110.932765274404,12.522394490480947,8.962243153689588,0.07495242944026492,7.563463807760337,1070.9062207933137,1832.1444096277467,16.95918178570171,1110.8709127040374,1070.904256448572,7.568005061686672,12.649193608456985,True,282.98958037155006,0.07932526663585038,True,0.005231427489622575,107.94532718754081,-0.004372837195585455
1.0957884461410679,3.9982,811.1770460621366,8.899662683271611,1.097690477038247,30.06,0.2,17.654514622124346,263417533.3436252,263.18793345359234,1140.2216219546578,12.67034215727064,8.112414474002907,0.5096798382964791,6.304261709193257,1085.7945659874822,1824.124505127151,17.653953616281402,1140.1365443268608,1085.813538717275,6.304541698714264,12.663040024019327,True,263.1962970174528,0.5052727783227174,True,0.000561005842943274,103.31832148219331,0.004407059973761673
1.096689101555027,3.0015,899.9602931551236,5.103720741781312,0.9199303390903771,30.06,0.2,16.598352996621443,220941111.6795772,234.24569104651482,1164.410342543798,12.819913736939524,7.437658073193774,2.5635668120473656,7.2929021333118085,1109.2139301409259,1520.8664713606813,16.598924807193676,1164.4214757230102,1109.2112611359526,7.292710173630729,12.818930922542116,True,234.23762159839114,2.5640636084873303,True,-0.000571810572232323,91.63246615010556,-0.0004967964399646974
1.0995967741133519,3.9535,899.3853994049775,5.525850268475366,1.124718038803485,30.06,0.2,19.024465206665507,270841482.86041653,254.61282573410014,1172.9389880766712,12.65230660277197,7.249218755244588,3.4517274615339946,4.204718432970628,1119.8169203753905,1941.9998137018565,19.02432166230421,1172.9844836015336,1119.8761391414962,4.206688456335695,12.64222834433039,True,254.61474686622233,3.445414765433176,True,0.00014354436129693227,102.07792424548396,0.006312696100818638
1.0974021731398529,3.9804,898.6706283729742,21.92716063791265,1.1496378258671867,30.06,0.2,18.111922065748853,276289846.90230286,271.04121542453,1137.668434163547,12.78168283916713,8.159815802688069,0.4454381057891328,5.587542880994819,1097.4173345037655,1948.8290107074022,18.114318355620817,1137.9012064295703,1097.412305296579,5.584975977340017,12.628792521951747,True,271.00536017970893,0.4211117611111443,True,-0.0023962898719638304,107.62085913223953,0.0243263446779885
0.978921042950429,3.5027,899.722780056156,5.492790278738729,0.9104657136011114,30.06,0.2,15.4295162637365,195186297.1229461,236.19889419312173,1149.1531272674183,12.820477518637698,7.841134059361583,1.0891340614312395,6.558373722486127,1098.2681174728332,1553.1529245406405,15.43001670733728,1149.124926808333,1098.2645013060214,6.5577462940290525,12.817130095472008,True,236.19123352577753,1.0855512999155708,True,-0.0005004436007798319,100.66555067481806,0.00358276151566872
0.7984839766731928,2.8042,899.5459849268996,5.030562046042794,0.8503800015762841,30.06,0.2,11.92147719819415,148702170.95597714,221.2223308037376,1161.1583595421748,12.983954374887562,7.490891573619503,3.157519666050135,7.486215354088187,1116.8142548815624,1044.0594264512235,11.920965940474026,1161.21362592011,1116.8120873324042,7.485884319679373,12.979656887075754,True,221.23181842622157,3.162148486188818,True,0.0005112577201238366,87.57229322183807,-0.004628820138683043
1.099532026309402,3.0241,899.9876962687867,6.17545405987241,0.94511973572648,30.06,0.2,16.805252045828492,227579312.40149325,236.42102347759803,1166.0278988401851,12.81167372295503,7.397093199392263,2.779901964410558,7.02261974094502,1111.8553951875354,1534.765112743485,16.805693971072184,1166.0264343841338,1111.8537509259213,7.0225890034220555,12.80941813952927,True,236.4148065121699,2.776775449120193,True,-0.00044192524369179864,91.33033100590112,0.003126515290365006
0.7296878613850486,3.278,887.3273719895576,5.08430876474956,0.8557817567014214,30.06,0.2,11.300836530024256,136753424.64082587,225.34798255318867,1144.8050061077606,12.97564639370521,7.927508703712256,1.2188448138516852,6.871246967514555,1103.665772051149,1081.4054491954946,11.300594632218976,1144.8228389449062,1103.662462234089,6.870809648565052,12.97345870572246,True,225.35280629779487,1.2190154532385788,True,0.00024189780527983373,95.68973785946321,-0.0001706393868936562
0.8286891641343546,3.78,898.7955773262921,5.019907022425596,0.8552521556889602,30.06,0.2,13.144599591628616,155211502.40223107,233.44154417395228,1132.8311287811136,12.885249803592313,8.27197312202254,0.4740751891210357,6.600922450711619,1087.4094754238056,1405.5152433370395,13.143986807450425,1132.8590535555138,1087.4090606743796,6.600556280972203,12.88334709333126,True,233.4524274232204,0.47452347139245504,True,0.0006127841781911059,106.92130284668484,-0.0004482822714193535
0.7569618289399356,3.963,897.7595883047538,5.5384777821434525,0.8537773648930693,30.06,0.2,12.195124456069005,141532664.22145548,234.06717940761672,1127.3166167825493,12.907538024396201,8.420285345682558,0.36315842819439853,6.286289870937546,1085.3622013815657,1338.056981584181,12.19435165977365,1127.395008400576,1085.373854929582,6.285414920361177,12.907479731703503,True,234.08201301699236,0.36500091794367234,True,0.0007727962953545386,109.71276970373214,-0.0018424897492738124
0.7912563065912346,3.9891,899.7500531549779,5.071903570211242,0.8621590142765974,30.06,0.2,12.800804809185038,149397256.75902486,235.1230418244014,1129.558711103934,12.88605505306569,8.362293405044571,0.3954003321749675,6.184689875978451,1085.7964646131916,1409.0792706893178,12.800226127549765,1129.634699125959,1085.8073344827728,6.183846837304953,12.884906895673872,True,235.1336714324238,0.3971311205442923,True,0.0005786816352735258,110.07174367572566,-0.001730788369324776
0.907698265236589,3.5131,898.7020489449186,6.440064335298516,0.8879486248113246,30.06,0.2,14.235947693812355,176509225.60811952,234.19038646555424,1143.2400796140491,12.862119290414041,7.992188929380561,0.8336665902897279,6.712693591052257,1095.9674407899213,1442.751817744622,14.236149093730797,1143.2266143848167,1095.9633074836945,6.712104308966603,12.862856874603784,True,234.18707335577832,0.833235397093428,True,-0.00020139991844203564,101.34756064789488,0.00043119319629991715
0.6799428254267422,3.2064,883.063967149647,5.45004987784344,0.8532230006704395,30.06,0.2,10.494041220411408,127049516.06359045,223.57644521739473,1145.5886198773912,12.99849323691821,7.901900309992129,1.392273748314502,6.904888307077367,1106.3575737714907,984.9756170573526,10.494012982479099,1145.6268784382173,1106.3585362303836,6.904087917598474,12.997379989492835,True,223.57704683057517,1.394884581202939,True,2.8237932308883273e-05,93.860118656737,-0.002610832888436887
1.0248569174954563,2.7298,897.9970607480686,5.007817233129646,0.8918195354897469,30.06,0.2,15.12222144339264,200160456.77752575,228.30599740499895,1168.7453095360638,12.896413965216123,7.31009271087391,3.774499793678549,7.762093957933023,1116.4161096387502,1307.9175269966722,15.122471257265314,1168.7724685389571,1116.416627070661,7.761151953702949,12.891022075122102,True,228.3022259311177,3.7714942549636357,True,-0.0002498138726743093,86.49211750848238,0.0030055387149134916
1.096689101555027,3.0015,899.9306010169197,5.012923416549654,0.9099795017203297,30.06,0.2,16.520576720671155,218551203.4688589,233.79647339048842,1162.737479892798,12.82094893047667,7.48119001919552,2.329981575943636,7.433849017071607,1107.3705942789338,1520.8325385035698,16.521102756701364,1162.7475774100994,1107.3678920363345,7.43364471656455,12.81902920940988,True,233.7890292524941,2.3293159199250972,True,-0.0005260360302088429,92.06138030074129,0.0006656560185387406
0.7839204448354211,3.5031,897.6102259382209,5.010987298860206,0.8642530355621545,30.06,0.2,12.362596929481358,148371664.8653416,229.03797595070643,1141.9286474668124,12.933725848023151,8.013573201521162,0.9138707958404941,6.540136043012697,1098.8577241355508,1241.8077689513111,12.362335996560882,1141.9282918388642,1098.8498966196996,6.539656354369196,12.931580610748174,True,229.0428102755445,0.9129792536603437,True,0.0002609329204759092,100.44606502757992,0.0008915421801504175
0.8382797647543754,3.1142,899.3846630758469,5.255222104691184,0.8504476581849267,30.06,0.2,12.7229283203498,156125785.937269,225.7691770063851,1149.8694717936344,12.942964113516986,7.797864222342227,1.459205330528081,7.31864153234423,1104.5537537506134,1199.6687780972925,12.722323749992121,1149.8788732387968,1104.547914381291,7.318417398877412,12.939732447594848,True,225.77990565586592,1.4579929251624812,True,0.0006045703576784689,94.28562802812971,0.0012124053655997447
1.0988384225675591,3.9513,899.3853994049775,10.643564552257654,1.124718038803485,30.06,0.2,18.690883513044493,270654693.4281198,258.92662140266515,1160.9779219893016,12.65478320186859,7.559962688467088,1.7178102544299898,4.694336231126303,1111.6775553862221,1939.6956037621048,18.692420829115004,1160.966751576109,1111.6773901871325,4.693987818667512,12.639806638109722,True,258.90532656558634,1.7048575751534523,True,-0.0015373160705109967,103.79039042371718,0.012952679276537538
0.6008913744560801,2.8152,885.2946942499904,6.130612564347786,0.8502618725965667,30.06,0.2,9.089084776128166,111888831.92868274,217.6044306818205,1159.3587891129735,13.040024261486655,7.527308458607855,3.8083696669893463,7.095887186114225,1121.8032340029308,779.0162046065707,9.090904874593116,1159.413240014779,1121.7787038443082,7.094776910830023,13.041326006120011,True,217.56086389768691,3.8223935296554568,True,-0.0018200984649503482,85.73538903427428,-0.014023862666110443
1.097397662623964,3.9623,898.906192786475,5.034140907183694,1.1014594753686549,30.06,0.2,18.87724970408069,264710165.37049586,253.07874837740832,1170.3233694144574,12.656706296014645,7.31587339433926,2.983703029748188,4.378913412731405,1116.0621460814245,1941.2503846612296,18.877595459886784,1170.3628905899313,1116.1151385709516,4.381156352885934,12.642613440086484,True,253.0741130706058,2.9717314103176977,True,-0.0003457558060944166,102.83819738764143,0.01197161943049041
0.9413122800157558,2.638,897.7075800720766,5.382132131110102,0.8871944126376317,30.06,0.2,13.889223909777014,182890264.33522472,225.07305936762899,1171.7393734281732,12.942300243257558,7.223912418590405,5.011610521905275,7.65455247570217,1122.6960400014166,1166.551571166698,13.889218122296816,1171.7749049955974,1122.702816018888,7.6537713111013375,12.938748363639359,True,225.07315315302878,5.014295079742137,True,5.787480198193862e-06,83.98962837858542,-0.002684557836862389
1.0988077798336067,3.9562,896.2536662740282,13.044328372207316,1.120376992187226,30.06,0.2,18.482360859751036,269602535.6742116,261.09679039606107,1154.0258077224316,12.657818877400462,7.743219103797969,1.139176876917959,5.02187555101136,1106.2278847218563,1937.08650291337,18.484383715276607,1154.0127810897836,1106.2145008899058,5.020873006713635,12.641691681823472,True,261.06821702876374,1.1297787003134816,True,-0.002022855525570577,104.82441253354688,0.009398176604477504
0.7224636885607595,2.8355,891.7285263868902,7.190664611408348,0.8533091351043929,30.06,0.2,10.821449916952142,135008304.82635704,221.22915086979802,1156.8254780122425,13.003972048862536,7.601059211909611,2.699125290534742,7.420980418807387,1116.3913320213937,947.5026245964006,10.821159935580889,1156.8591302966536,1116.3929832438143,7.420558653771855,13.004241798694723,True,221.23507928532024,2.705054482295692,True,0.00028998137125313406,87.55424352879328,-0.005929191760949859
1.0952772556108585,3.9836,898.4542876941564,5.231742275220583,0.8902472299853719,30.06,0.2,17.275569024372167,213536817.33195767,245.0873054495242,1133.6155289037404,12.67155390294414,8.293242830126498,0.34347293327141054,6.918009570926134,1075.094367556496,1946.128190876808,17.278297815634375,1133.6748844084009,1075.1256980802707,6.9192593507045155,12.658641289524414,True,245.04859839025687,0.3426506561021685,True,-0.002728791262207153,112.67296140785496,0.0008222771692420472
0.6967124883265945,2.8283,892.0382860674375,5.0222842169498545,0.852895624390694,30.06,0.2,10.519763078688296,130133031.42599203,219.23072518517458,1160.8631660917822,13.014863936427005,7.49265729374488,3.5637272471811947,7.171840215929694,1119.9456239936121,911.9728089528596,10.5196233963292,1160.9223743035936,1119.9453582155202,7.170827723361647,13.012374543630376,True,219.23363618908854,3.572583154145518,True,0.00013968235909622706,86.6896229960285,-0.008855906964323257
1.0968710249309301,3.998,893.9720054312402,7.061836615908318,1.1336652952807664,30.06,0.2,18.92406036286594,272319337.1505943,257.1436600964702,1168.4803303917556,12.64444635825639,7.366032561414922,2.651678236329969,4.319862030451689,1116.5414483844943,1948.494961837518,18.925106264955147,1168.4899148481,1116.5546998554735,4.319997741584188,12.638960295441896,True,257.1294489693275,2.64648074294643,True,-0.0010459020892064075,102.97241567079027,0.005197493383538809
0.9413122800157558,3.9598,899.4627064272745,6.650085976545302,0.8652489317689084,30.06,0.2,14.882255363002098,178366323.764959,240.2853285441431,1127.621094664645,12.789780011035116,8.435467181568761,0.28736361367563534,6.834358153064618,1077.6736378859152,1664.9198647522342,14.881827578247186,1127.6854197365076,1077.6933473558781,6.834175489085374,12.787554998101019,True,240.2922356528191,0.2882614538248945,True,0.0004277847549118974,111.86912800853318,-0.0008978401492591437
1.0986925520324717,3.9859,898.7994146450212,5.786967444965134,0.8863423252349663,30.06,0.2,17.264897654395636,213263108.02721724,245.50900067013515,1131.8319998536872,12.666469154409468,8.343520039815996,0.306114331193641,7.028396726942111,1073.5750386450352,1953.7258980826487,17.26774410094891,1131.8959269853683,1073.6082561488236,7.029500688474827,12.655659714136927,True,245.46853051695996,0.3057681714486987,True,-0.002846446553274262,113.18355859952791,0.0003461597449422871
1.0909178960050665,3.9519,899.3853994049775,10.37455135428674,1.1313341376831414,30.06,0.2,18.63589988674181,270284426.8692845,258.7414591715004,1162.6746877800754,12.660370916615578,7.514321742082416,1.9137958100643888,4.570865558075672,1113.8573649389953,1925.9753560700995,18.63698212503063,1162.6675649847234,1113.8601035776453,4.5703435450884555,12.646229745211297,True,258.72643421133563,1.9006233253611409,True,-0.0010822382888200366,103.35661444870078,0.013172484703247944
0.9413122800157558,3.9598,899.4627064272745,6.560545100072401,0.8790550767405904,30.06,0.2,14.992471375751602,181212384.86200145,240.552810857044,1130.4890213760461,12.787760936653255,8.356226334174323,0.34234827800345213,6.618327758874783,1080.6186479913224,1664.9198647522342,14.992412155420952,1130.534960884403,1080.6348187510528,6.618084602248457,12.787297199426288,True,240.55376104550265,0.34328051190950803,True,5.922033064997834e-05,111.04988322597845,-0.0009322339060559015
